title,AR_INR,US_INR,saving_INR,discount_pct,ratio,AR_price,US_price,platform,popularity_rank,AR_nsuid,US_nsuid
LEGO® DC Super-Villains,317.2,5787.09,5469.89,94.5,0.055,4999.00 ARS,59.99 USD,Nintendo Switch,1399,70010000007661,70010000007661
Diablo III: Eternal Collection,380.08,5787.09,5407.01,93.4,0.066,5990.00 ARS,59.99 USD,Nintendo Switch,417,70010000012305,70010000012305
METAL GEAR SOLID: MASTER COLLECTION Vol. 1,444.11,5787.09,5342.98,92.3,0.077,6999.00 ARS,59.99 USD,Nintendo Switch,702,70070000017904,70070000017904
No Man's Sky,507.56,5787.09,5279.53,91.2,0.088,7999.00 ARS,59.99 USD,Nintendo Switch,443,70010000044642,70010000044642
Cricket 24,526.66,5787.09,5260.43,90.9,0.091,8300.00 ARS,59.99 USD,Nintendo Switch,1487,70010000066825,70010000066825
Humongous Classic Collection,619.62,5787.09,5167.47,89.3,0.107,9765.00 ARS,59.99 USD,Nintendo Switch,1218,70010000044782,70010000044782
Castlevania Collections Bundle,519.05,5594.15,5075.11,90.7,0.093,8180.00 ARS,57.99 USD,Nintendo Switch,1397,70070000024699,70070000024699
Persona 5 Royal,1142.09,5787.09,4645.0,80.3,0.197,17999.00 ARS,59.99 USD,Nintendo Switch,343,70010000043147,70010000043147
13 Sentinels: Aegis Rim,1142.09,5787.09,4645.0,80.3,0.197,17999.00 ARS,59.99 USD,Nintendo Switch,1615,70010000046471,70010000046471
SUPER BOMBERMAN R 2,317.2,4822.41,4505.21,93.4,0.066,4999.00 ARS,49.99 USD,Nintendo Switch,1160,70010000051702,70010000051702
Zombie Army 4: Dead War,338.03,4822.41,4484.38,93.0,0.07,5327.33 ARS,49.99 USD,Nintendo Switch,1441,70010000041809,70010000041809
Crysis Remastered Trilogy,348.92,4822.41,4473.49,92.8,0.072,5498.90 ARS,49.99 USD,Nintendo Switch,1163,70070000013037,70070000013037
Cupid Parasite,348.92,4822.41,4473.49,92.8,0.072,5498.90 ARS,49.99 USD,Nintendo Switch,1521,70010000041729,70010000041729
SONIC SUPERSTARS,1332.45,5787.09,4454.64,77.0,0.23,20999.00 ARS,59.99 USD,Nintendo Switch,574,70010000069430,70010000069430
"Warhammer 40,000: Rogue Trader",393.41,4822.41,4429.01,91.8,0.082,6200.00 ARS,49.99 USD,Nintendo Switch 2,714,70010000099778,70010000099778
Little League World Series Baseball 2022,491.7,4822.41,4330.72,89.8,0.102,7749.00 ARS,49.99 USD,Nintendo Switch,1756,70010000043974,70010000043974
Miraculous: Rise of the Sphinx,491.7,4822.41,4330.72,89.8,0.102,7749.00 ARS,49.99 USD,Nintendo Switch,1896,70010000043976,70010000043976
Dokapon Kingdom Connect,602.8,4822.41,4219.61,87.5,0.125,9500.00 ARS,49.99 USD,Nintendo Switch,997,70010000059514,70010000059514
Harvest Moon: The Winds of Anthos,634.47,4822.41,4187.95,86.8,0.132,9999.00 ARS,49.99 USD,Nintendo Switch,857,70010000053606,70010000053606
Yu-Gi-Oh! EARLY DAYS COLLECTION,786.75,4822.41,4035.66,83.7,0.163,12399.00 ARS,49.99 USD,Nintendo Switch,599,70010000084531,70010000084531
Survival Kids,786.75,4822.41,4035.66,83.7,0.163,12399.00 ARS,49.99 USD,Nintendo Switch 2,772,70010000095298,70010000095298
Suikoden I&II HD Remaster for Nintendo Switch™ 2 Gate Rune and Dunan Unification Wars,786.75,4822.41,4035.66,83.7,0.163,12399.00 ARS,49.99 USD,Nintendo Switch 2,1402,70010000095288,70010000095288
Suikoden I&II HD Remaster Gate Rune and Dunan Unification Wars,786.75,4822.41,4035.66,83.7,0.163,12399.00 ARS,49.99 USD,Nintendo Switch,1737,70010000048820,70010000048820
Nickelodeon All-Star Brawl 2,824.83,4822.41,3997.59,82.9,0.171,12999.00 ARS,49.99 USD,Nintendo Switch,199,70010000065764,70010000065764
Kingdom Come Deliverance: Royal Edition,932.7,4822.41,3889.72,80.7,0.193,14699.00 ARS,49.99 USD,Nintendo Switch,889,70010000056686,70010000056686
Shovel Knight: Treasure Trove,112.31,3857.74,3745.43,97.1,0.029,1770.00 ARS,39.99 USD,Nintendo Switch,726,70010000000121,70010000000121
Cities: Skylines - Nintendo Switch™ Edition,126.84,3857.74,3730.9,96.7,0.033,1999.00 ARS,39.99 USD,Nintendo Switch,518,70010000011966,70010000011966
Crash Bandicoot™ N. Sane Trilogy,134.46,3857.74,3723.28,96.5,0.035,2119.00 ARS,39.99 USD,Nintendo Switch,303,70010000002090,70010000002090
Spyro™ Reignited Trilogy,134.46,3857.74,3723.28,96.5,0.035,2119.00 ARS,39.99 USD,Nintendo Switch,320,70010000019384,70010000019384
Crash™ Team Racing Nitro-Fueled,134.46,3857.74,3723.28,96.5,0.035,2119.00 ARS,39.99 USD,Nintendo Switch,755,70010000016211,70010000016211
Skater XL,164.98,3857.74,3692.76,95.7,0.043,2600.00 ARS,39.99 USD,Nintendo Switch,1582,70010000022173,70010000022173
Wartales,164.98,3857.74,3692.76,95.7,0.043,2600.00 ARS,39.99 USD,Nintendo Switch,1882,70010000066200,70010000066200
Yu-Gi-Oh! Legacy of the Duelist : Link Evolution,190.35,3857.74,3667.39,95.1,0.049,2999.90 ARS,39.99 USD,Nintendo Switch,660,70010000016925,70010000016925
Contra Run & Gun Bundle,710.61,4340.08,3629.47,83.6,0.164,11199.00 ARS,44.99 USD,Nintendo Switch,1614,70070000024292,70070000024292
SnowRunner,228.37,3857.74,3629.37,94.1,0.059,3599.00 ARS,39.99 USD,Nintendo Switch,610,70010000036415,70010000036415
Tony Hawk's™ Pro Skater™ 1 + 2,228.43,3857.74,3629.31,94.1,0.059,3600.00 ARS,39.99 USD,Nintendo Switch,502,70010000026221,70010000026221
Yu-Gi-Oh! RUSH DUEL: Dawn of the Battle Royale!!,253.75,3857.74,3603.99,93.4,0.066,3999.00 ARS,39.99 USD,Nintendo Switch,1384,70010000044072,70010000044072
Hello Neighbor,279.12,3857.74,3578.61,92.8,0.072,4398.90 ARS,39.99 USD,Nintendo Switch,589,70010000010714,70010000010714
Disco Elysium - The Final Cut,279.12,3857.74,3578.61,92.8,0.072,4398.90 ARS,39.99 USD,Nintendo Switch,705,70010000044922,70010000044922
Big Rumble Boxing: Creed Champions,279.13,3857.74,3578.61,92.8,0.072,4398.99 ARS,39.99 USD,Nintendo Switch,1989,70010000042124,70010000042124
The Binding of Isaac: Afterbirth+,279.19,3857.74,3578.55,92.8,0.072,4400.00 ARS,39.99 USD,Nintendo Switch,147,70010000000076,70010000000076
Assassin’s Creed®: The Rebel Collection,285.47,3857.74,3572.26,92.6,0.074,4499.00 ARS,39.99 USD,Nintendo Switch,141,70010000019188,70010000019188
Rabbids®: Party of Legends,285.47,3857.74,3572.26,92.6,0.074,4499.00 ARS,39.99 USD,Nintendo Switch,769,70010000039789,70010000039789
Rune Factory 5,285.53,3857.74,3572.21,92.6,0.074,4499.90 ARS,39.99 USD,Nintendo Switch,1551,70010000034769,70010000034769
Teenage Mutant Ninja Turtles: The Cowabunga Collection,291.82,3857.74,3565.92,92.4,0.076,4599.00 ARS,39.99 USD,Nintendo Switch,683,70010000042351,70010000042351
Contra: Operation Galuga,291.82,3857.74,3565.92,92.4,0.076,4599.00 ARS,39.99 USD,Nintendo Switch,1390,70010000063988,70010000063988
Super Street: Racer,348.92,3857.74,3508.82,91.0,0.09,5498.90 ARS,39.99 USD,Nintendo Switch,422,70010000022218,70010000022218
Grounded,348.93,3857.74,3508.81,91.0,0.09,5499.00 ARS,39.99 USD,Nintendo Switch,210,70010000068827,70010000068827
Sifu,380.72,3857.74,3477.02,90.1,0.099,6000.00 ARS,39.99 USD,Nintendo Switch,1247,70010000050837,70010000050837
Library Of Ruina,399.73,3857.74,3458.0,89.6,0.104,6299.69 ARS,39.99 USD,Nintendo Switch,1260,70010000075960,70010000075960
Hello Neighbor 2,412.38,3857.74,3445.36,89.3,0.107,6499.00 ARS,39.99 USD,Nintendo Switch,950,70010000043413,70010000043413
Bomb Rush Cyberfunk,412.44,3857.74,3445.29,89.3,0.107,6500.00 ARS,39.99 USD,Nintendo Switch,1367,70010000040228,70010000040228
STORY OF SEASONS: A Wonderful Life,431.48,3857.74,3426.26,88.8,0.112,6800.00 ARS,39.99 USD,Nintendo Switch,588,70010000057443,70010000057443
Freddi Fish Collection,1456.75,4822.41,3365.66,69.8,0.302,22958.00 ARS,49.99 USD,Nintendo Switch,1942,70010000077322,70010000077322
Digimon World: Next Order,2436.53,5787.09,3350.56,57.9,0.421,38399.00 ARS,59.99 USD,Nintendo Switch,1070,70010000042393,70010000042393
NARUTO X BORUTO Ultimate Ninja STORM CONNECTIONS,2436.53,5787.09,3350.56,57.9,0.421,38399.00 ARS,59.99 USD,Nintendo Switch,1342,70010000056876,70010000056876
Jujutsu Kaisen Cursed Clash,2436.53,5787.09,3350.56,57.9,0.421,38399.00 ARS,59.99 USD,Nintendo Switch,1504,70010000062523,70010000062523
Minecraft Legends,507.56,3857.74,3350.18,86.8,0.132,7999.00 ARS,39.99 USD,Nintendo Switch,831,70010000033696,70010000033696
PBA Pro Bowling 2026,507.56,3857.74,3350.18,86.8,0.132,7999.00 ARS,39.99 USD,Nintendo Switch,918,70010000098469,70010000098469
Five Nights at Freddy's: Security Breach,526.66,3857.74,3331.08,86.3,0.137,8299.99 ARS,39.99 USD,Nintendo Switch,156,70010000057819,70010000057819
Chef Life:  A Restaurant Simulator,539.35,3857.74,3318.39,86.0,0.14,8500.00 ARS,39.99 USD,Nintendo Switch,1622,70010000038237,70010000038237
Hunting Simulator,539.35,3857.74,3318.39,86.0,0.14,8500.00 ARS,39.99 USD,Nintendo Switch,1851,70010000005127,70010000005127
Little Friends: Puppy Island,545.63,3857.74,3312.11,85.9,0.141,8599.00 ARS,39.99 USD,Nintendo Switch,1251,70010000062700,70010000062700
The Jackbox Big Bang Bundle,152.29,3375.4,3223.11,95.5,0.045,2400.00 ARS,34.99 USD,Nintendo Switch,820,70070000031248,70070000031248
LUNAR Remastered Collection,1605.3,4822.41,3217.12,66.7,0.333,25299.00 ARS,49.99 USD,Nintendo Switch,1177,70010000079426,70010000079426
My Time at Sandrock,667.01,3857.74,3190.73,82.7,0.173,10511.90 ARS,39.99 USD,Nintendo Switch,596,70010000047127,70010000047127
Tomb Raider I-VI Remastered,2139.64,5304.75,3165.11,59.7,0.403,33720.06 ARS,54.99 USD,Nintendo Switch,1618,70070000025739,70070000025739
ACE COMBAT™7: SKIES UNKNOWN DELUXE EDITION,2626.89,5787.09,3160.2,54.6,0.454,41399.00 ARS,59.99 USD,Nintendo Switch,728,70010000074355,70010000074355
ONE PIECE ODYSSEY DELUXE EDITION,2626.89,5787.09,3160.2,54.6,0.454,41399.00 ARS,59.99 USD,Nintendo Switch,1278,70010000072498,70010000072498
Taxi Chaos,215.74,3371.54,3155.8,93.6,0.064,3399.95 ARS,34.95 USD,Nintendo Switch,438,70010000030429,70010000030429
The Long Dark,220.49,3375.4,3154.91,93.5,0.065,3474.80 ARS,34.99 USD,Nintendo Switch,638,70010000011602,70010000011602
Untitled Goose Game & Thank Goodness You're Here! Bundle,722.47,3848.09,3125.62,81.2,0.188,11385.99 ARS,39.89 USD,Nintendo Switch,1747,70070000023192,70070000023192
Sea of Stars,253.75,3375.4,3121.65,92.5,0.075,3999.00 ARS,34.99 USD,Nintendo Switch,437,70010000046189,70010000046189
Outward Definitive Edition,742.34,3857.74,3115.4,80.8,0.192,11699.00 ARS,39.99 USD,Nintendo Switch,1706,70010000064401,70010000064401
Ultra Street Fighter® II: The Final Challengers,746.65,3857.74,3111.09,80.6,0.194,11767.00 ARS,39.99 USD,Nintendo Switch,1366,70010000000185,70010000000185
Super Monkey Ball Banana Mania,761.37,3857.74,3096.37,80.3,0.197,11999.00 ARS,39.99 USD,Nintendo Switch,846,70010000032056,70010000032056
Sonic Colors: Ultimate,761.37,3857.74,3096.37,80.3,0.197,11999.00 ARS,39.99 USD,Nintendo Switch,1140,70010000028905,70010000028905
Taiko no Tatsujin: Rhythm Festival Deluxe Edition,2233.48,5304.75,3071.27,57.9,0.421,35199.00 ARS,54.99 USD,Nintendo Switch,1226,70010000059602,70010000059602
The Hundred Line -Last Defense Academy-,2855.32,5787.09,2931.77,50.7,0.493,44999.00 ARS,59.99 USD,Nintendo Switch,765,70010000091116,70010000091116
OMORI,20.94,2893.06,2872.12,99.3,0.007,329.99 ARS,29.99 USD,Nintendo Switch,245,70010000051039,70010000051039
Mortal Shell: Complete Edition,49.3,2893.06,2843.76,98.3,0.017,777.00 ARS,29.99 USD,Nintendo Switch,1651,70010000059735,70010000059735
Hello Kitty Island Adventure Nintendo Switch 2 Edition,1982.91,4822.41,2839.51,58.9,0.411,31250.00 ARS,49.99 USD,Nintendo Switch 2,346,70010000109159,70010000109159
Are You Smarter than a 5th Grader?,70.37,2893.06,2822.69,97.6,0.024,1109.00 ARS,29.99 USD,Nintendo Switch,892,70010000040561,70010000040561
Endling - Extinction is Forever,70.37,2893.06,2822.69,97.6,0.024,1109.00 ARS,29.99 USD,Nintendo Switch,1810,70010000025116,70010000025116
Tetris® Effect: Connected,1036.95,3857.74,2820.79,73.1,0.269,16342.00 ARS,39.99 USD,Nintendo Switch,484,70010000038380,70010000038380
Alan Wake Remastered,76.08,2893.06,2816.98,97.4,0.026,1199.00 ARS,29.99 USD,Nintendo Switch,1097,70010000050844,70010000050844
My Time at Portia,95.12,2893.06,2797.95,96.7,0.033,1499.00 ARS,29.99 USD,Nintendo Switch,1255,70010000004651,70010000004651
Worms W.M.D,95.12,2893.06,2797.95,96.7,0.033,1499.00 ARS,29.99 USD,Nintendo Switch,1319,70010000001330,70010000001330
Prison Architect: Nintendo Switch™ Edition,95.12,2893.06,2797.95,96.7,0.033,1499.00 ARS,29.99 USD,Nintendo Switch,1827,70010000009727,70010000009727
NARUTO SHIPPUDEN™: Ultimate Ninja® STORM 4 ROAD TO BORUTO,2030.43,4822.41,2791.98,57.9,0.421,31999.00 ARS,49.99 USD,Nintendo Switch,1113,70010000016048,70010000016048
Taiko no Tatsujin: Rhythm Festival,2030.43,4822.41,2791.98,57.9,0.421,31999.00 ARS,49.99 USD,Nintendo Switch,1329,70010000047561,70010000047561
JoJo's Bizarre Adventure: All-Star Battle R,2030.43,4822.41,2791.98,57.9,0.421,31999.00 ARS,49.99 USD,Nintendo Switch,1547,70010000033003,70010000033003
Tales of Vesperia™: Definitive Edition,2030.43,4822.41,2791.98,57.9,0.421,31999.00 ARS,49.99 USD,Nintendo Switch,1962,70010000004645,70010000004645
Persona 4 Arena Ultimax,112.25,2893.06,2780.81,96.1,0.039,1769.00 ARS,29.99 USD,Nintendo Switch,1204,70010000047451,70010000047451
Ori and the Will of the Wisps,126.27,2893.06,2766.79,95.6,0.044,1990.00 ARS,29.99 USD,Nintendo Switch,529,70010000034725,70010000034725
The Jackbox Party Pack 11,126.84,2893.06,2766.22,95.6,0.044,1999.00 ARS,29.99 USD,Nintendo Switch,102,70010000092964,70010000092964
LEGO® Worlds,126.84,2893.06,2766.22,95.6,0.044,1999.00 ARS,29.99 USD,Nintendo Switch,604,70010000001075,70010000001075
The Jackbox Party Pack 10,126.84,2893.06,2766.22,95.6,0.044,1999.00 ARS,29.99 USD,Nintendo Switch,701,70010000066983,70010000066983
LEGO® Marvel Super Heroes 2,126.84,2893.06,2766.22,95.6,0.044,1999.00 ARS,29.99 USD,Nintendo Switch,782,70010000000730,70010000000730
Rune Factory 4 Special,126.84,2893.06,2766.22,95.6,0.044,1999.00 ARS,29.99 USD,Nintendo Switch,885,70010000019857,70010000019857
A Hat in Time,131.28,2893.06,2761.78,95.5,0.045,2069.00 ARS,29.99 USD,Nintendo Switch,1346,70010000003813,70010000003813
Ooblets,135.03,2893.06,2758.03,95.3,0.047,2128.00 ARS,29.99 USD,Nintendo Switch,625,70010000048967,70010000048967
STAR WARS™ Knights of the Old Republic Bundle,168.08,2893.06,2724.98,94.2,0.058,2648.90 ARS,29.99 USD,Nintendo Switch,722,70070000014302,70070000014302
MONOPOLY® Madness,190.3,2893.06,2702.77,93.4,0.066,2999.00 ARS,29.99 USD,Nintendo Switch,1494,70010000037152,70010000037152
Colors Live,190.3,2893.06,2702.77,93.4,0.066,2999.00 ARS,29.99 USD,Nintendo Switch,1781,70010000013170,70010000013170
CarX Drift Racing Online,190.3,2884.38,2694.08,93.4,0.066,2999.00 ARS,29.90 USD,Nintendo Switch,917,70010000035298,70010000035298
RWBY: Grimm Eclipse - Definitive Edition,209.33,2893.06,2683.74,92.8,0.072,3298.90 ARS,29.99 USD,Nintendo Switch,1944,70010000036090,70010000036090
The Jackbox Party Pack 8,209.39,2893.06,2683.67,92.8,0.072,3299.99 ARS,29.99 USD,Nintendo Switch,440,70010000041635,70010000041635
Sunderfolk,2157.4,4822.41,2665.01,55.3,0.447,34000.00 ARS,49.99 USD,Nintendo Switch,1049,70010000082102,70010000082102
Baldur's Gate: Dark Alliance II,234.78,2893.06,2658.29,91.9,0.081,3700.00 ARS,29.99 USD,Nintendo Switch,768,70010000054207,70010000054207
Wolfenstein II®: The New Colossus™,1205.54,3857.74,2652.2,68.8,0.312,18999.00 ARS,39.99 USD,Nintendo Switch,923,70010000005065,70010000005065
Farming Simulator Kids,244.23,2893.06,2648.83,91.6,0.084,3849.00 ARS,29.99 USD,Nintendo Switch,1738,70010000066224,70010000066224
Baten Kaitos I & II HD Remaster,2189.06,4822.41,2633.35,54.6,0.454,34499.00 ARS,49.99 USD,Nintendo Switch,1893,70010000055734,70010000055734
The Jackbox Party Pack 9,277.92,2893.06,2615.14,90.4,0.096,4379.99 ARS,29.99 USD,Nintendo Switch,637,70010000052826,70010000052826
Paleo Pines,353.05,2893.06,2540.01,87.8,0.122,5564.00 ARS,29.99 USD,Nintendo Switch,1253,70010000067064,70010000067064
Wylde Flowers,17.77,2410.72,2392.96,99.3,0.007,279.99 ARS,24.99 USD,Nintendo Switch,222,70010000053184,70010000053184
Monster Crown: Sin Eater,20.98,2410.72,2389.75,99.1,0.009,330.61 ARS,24.99 USD,Nintendo Switch,721,70010000120809,70010000120809
The Last Faith,310.86,2700.13,2389.27,88.5,0.115,4899.00 ARS,27.99 USD,Nintendo Switch,1544,70010000056206,70010000056206
STAR WARS™: Dark Forces Remaster,542.52,2893.06,2350.54,81.2,0.188,8550.00 ARS,29.99 USD,Nintendo Switch,1607,70010000067338,70010000067338
Bugsnax,63.39,2410.72,2347.34,97.4,0.026,999.00 ARS,24.99 USD,Nintendo Switch,527,70010000045164,70010000045164
Risk of Rain 2,66.63,2410.72,2344.1,97.2,0.028,1050.00 ARS,24.99 USD,Nintendo Switch,682,70010000020030,70010000020030
Hades,70.28,2410.72,2340.45,97.1,0.029,1107.56 ARS,24.99 USD,Nintendo Switch,97,70010000033131,70010000033131
Rogue Legacy 2,70.28,2410.72,2340.45,97.1,0.029,1107.56 ARS,24.99 USD,Nintendo Switch,1078,70010000059862,70010000059862
DREDGE,76.08,2410.72,2334.64,96.8,0.032,1199.00 ARS,24.99 USD,Nintendo Switch,1172,70010000049267,70010000049267
Blasphemous,76.08,2410.72,2334.64,96.8,0.032,1199.00 ARS,24.99 USD,Nintendo Switch,1341,70010000007282,70010000007282
Street Fighter 30th Anniversary Collection,559.91,2893.06,2333.15,80.6,0.194,8824.00 ARS,29.99 USD,Nintendo Switch,512,70010000003622,70010000003622
Mega Man 11,559.91,2893.06,2333.15,80.6,0.194,8824.00 ARS,29.99 USD,Nintendo Switch,1158,70010000003964,70010000003964
Sonic Origins ,571.01,2893.06,2322.05,80.3,0.197,8999.00 ARS,29.99 USD,Nintendo Switch,612,70010000045649,70010000045649
Team Sonic Racing,571.01,2893.06,2322.05,80.3,0.197,8999.00 ARS,29.99 USD,Nintendo Switch,913,70010000005062,70010000005062
Super Monkey Ball: Banana Blitz HD,571.01,2893.06,2322.05,80.3,0.197,8999.00 ARS,29.99 USD,Nintendo Switch,1282,70010000019677,70010000019677
Slay the Spire,108.44,2410.72,2302.28,95.5,0.045,1709.00 ARS,24.99 USD,Nintendo Switch,186,70010000012389,70010000012389
"Little Kitty, Big City",111.04,2410.72,2299.68,95.4,0.046,1750.00 ARS,24.99 USD,Nintendo Switch,100,70010000061050,70010000061050
Roots of Pacha,111.04,2410.72,2299.68,95.4,0.046,1750.00 ARS,24.99 USD,Nintendo Switch,570,70010000069221,70010000069221
Astral Ascent,111.04,2410.72,2299.68,95.4,0.046,1750.00 ARS,24.99 USD,Nintendo Switch,1623,70010000068938,70010000068938
art of rally,111.04,2410.72,2299.68,95.4,0.046,1750.00 ARS,24.99 USD,Nintendo Switch,1662,70010000032201,70010000032201
Haven,111.04,2410.72,2299.68,95.4,0.046,1750.00 ARS,24.99 USD,Nintendo Switch,1733,70010000018766,70010000018766
The Stanley Parable: Ultra Deluxe,114.21,2410.72,2296.51,95.3,0.047,1799.99 ARS,24.99 USD,Nintendo Switch,444,70010000020362,70010000020362
Bloomtown: A Different Story,114.22,2410.72,2296.51,95.3,0.047,1800.00 ARS,24.99 USD,Nintendo Switch,1587,70010000071047,70010000071047
Shovel Knight Dig,116.4,2410.72,2294.32,95.2,0.048,1834.47 ARS,24.99 USD,Nintendo Switch,1744,70010000051927,70010000051927
Teenage Mutant Ninja Turtles: Shredder's Revenge,117.45,2410.72,2293.27,95.1,0.049,1850.99 ARS,24.99 USD,Nintendo Switch,371,70010000039366,70010000039366
Metal Slug Tactics,117.45,2410.72,2293.27,95.1,0.049,1850.99 ARS,24.99 USD,Nintendo Switch,1977,70010000043042,70010000043042
TY the Tasmanian Tiger® HD,119.29,2410.72,2291.43,95.1,0.049,1880.00 ARS,24.99 USD,Nintendo Switch,1974,70010000022747,70010000022747
Pode,120.56,2410.72,2290.16,95.0,0.05,1900.00 ARS,24.99 USD,Nintendo Switch,499,70010000005922,70010000005922
Skullgirls 2nd Encore,126.84,2410.72,2283.88,94.7,0.053,1999.00 ARS,24.99 USD,Nintendo Switch,1089,70010000019148,70010000019148
Botany Manor,132.36,2410.72,2278.36,94.5,0.055,2086.00 ARS,24.99 USD,Nintendo Switch,1189,70010000060342,70010000060342
Hello Kitty Island Adventure,1586.32,3857.74,2271.41,58.9,0.411,25000.00 ARS,39.99 USD,Nintendo Switch,90,70010000074491,70010000074491
MudRunner - American Wilds,142.71,2410.72,2268.02,94.1,0.059,2249.00 ARS,24.99 USD,Nintendo Switch,1550,70010000005706,70010000005706
Nine Sols,634.47,2893.06,2258.6,78.1,0.219,9999.00 ARS,29.99 USD,Nintendo Switch,307,70010000073072,70010000073072
Barbie™ DreamHouse Adventures,634.53,2893.06,2258.53,78.1,0.219,10000.00 ARS,29.99 USD,Nintendo Switch,486,70010000068577,70010000068577
The Jackbox Party Pack 3,152.29,2410.72,2258.44,93.7,0.063,2399.99 ARS,24.99 USD,Nintendo Switch,65,70010000000166,70010000000166
Dead Cells,152.29,2410.72,2258.44,93.7,0.063,2399.99 ARS,24.99 USD,Nintendo Switch,793,70010000007706,70010000007706
Windstorm: Start of a Great Friendship,158.57,2410.72,2252.16,93.4,0.066,2499.00 ARS,24.99 USD,Nintendo Switch,1793,70010000048585,70010000048585
Have A Nice Death,161.74,2410.72,2248.98,93.3,0.067,2549.00 ARS,24.99 USD,Nintendo Switch,1385,70010000059877,70010000059877
Mighty Morphin Power Rangers: Rita's Rewind,1139.49,3375.4,2235.91,66.2,0.338,17958.09 ARS,34.99 USD,Nintendo Switch,1107,70010000069877,70010000069877
NARUTO SHIPPUDEN: Ultimate Ninja Storm Trilogy,1624.33,3857.74,2233.41,57.9,0.421,25599.00 ARS,39.99 USD,Nintendo Switch,778,70010000003311,70010000003311
MY HERO ONE'S JUSTICE 2,1624.33,3857.74,2233.41,57.9,0.421,25599.00 ARS,39.99 USD,Nintendo Switch,1529,70010000018825,70010000018825
Captain Tsubasa: Rise of New Champions,1624.33,3857.74,2233.41,57.9,0.421,25599.00 ARS,39.99 USD,Nintendo Switch,1659,70010000026706,70010000026706
Tales of Symphonia Remastered,1624.33,3857.74,2233.41,57.9,0.421,25599.00 ARS,39.99 USD,Nintendo Switch,1660,70010000047266,70010000047266
Ticket to Ride®,190.36,2410.72,2220.37,92.1,0.079,3000.00 ARS,24.99 USD,Nintendo Switch,1598,70010000077436,70010000077436
Hello Neighbor Hide and Seek,691.64,2893.06,2201.43,76.1,0.239,10900.00 ARS,29.99 USD,Nintendo Switch,1950,70010000014417,70010000014417
Chained Echoes,241.12,2410.72,2169.6,90.0,0.1,3800.00 ARS,24.99 USD,Nintendo Switch,842,70010000046426,70010000046426
Bluey's Quest For The Gold Pen,1700.48,3857.74,2157.26,55.9,0.441,26799.00 ARS,39.99 USD,Nintendo Switch,312,70010000112640,70010000112640
Bluey's Quest For The Gold Pen,1700.48,3857.74,2157.26,55.9,0.441,26799.00 ARS,39.99 USD,Nintendo Switch 2,460,70010000116182,70010000116182
Horizon Chase 2,264.35,2410.72,2146.38,89.0,0.11,4166.00 ARS,24.99 USD,Nintendo Switch,1999,70010000061200,70010000061200
ASTLIBRA Revision,274.69,2410.72,2136.04,88.6,0.114,4329.00 ARS,24.99 USD,Nintendo Switch,1758,70010000061304,70010000061304
Another Crab's Treasure,761.44,2893.06,2131.63,73.7,0.263,12000.00 ARS,29.99 USD,Nintendo Switch,956,70010000051252,70010000051252
Sea of Stars,1269.0,3375.4,2106.4,62.4,0.376,19999.00 ARS,34.99 USD,Nintendo Switch 2,628,70010000124568,70010000124568
Potion Permit - Complete Edition,788.66,2893.06,2104.41,72.7,0.273,12429.00 ARS,29.99 USD,Nintendo Switch,1327,70010000077562,70010000077562
Sports Challenge: 65 Games Edition,408.32,2507.19,2098.87,83.7,0.163,6435.00 ARS,25.99 USD,Nintendo Switch,1592,70070000031275,70070000031275
Killer Frequency,317.2,2410.72,2093.52,86.8,0.132,4999.00 ARS,24.99 USD,Nintendo Switch,1945,70010000057384,70010000057384
Mewgenics,1773.64,3857.74,2084.1,54.0,0.46,27952.00 ARS,39.99 USD,Nintendo Switch 2,287,70010000126905,70010000126905
High On Life 2,1776.68,3857.74,2081.05,53.9,0.461,28000.00 ARS,39.99 USD,Nintendo Switch 2,601,70010000103446,70010000103446
High On Life,1776.68,3857.74,2081.05,53.9,0.461,28000.00 ARS,39.99 USD,Nintendo Switch,670,70010000080386,70010000080386
High On Life: Nintendo Switch™ 2 Edition,1776.68,3857.74,2081.05,53.9,0.461,28000.00 ARS,39.99 USD,Nintendo Switch 2,743,70010000104842,70010000104842
Minecraft,837.52,2893.06,2055.55,71.1,0.289,13199.00 ARS,29.99 USD,Nintendo Switch,7,70010000000964,70010000000964
The Talos Principle: Deluxe Edition,837.52,2893.06,2055.55,71.1,0.289,13199.00 ARS,29.99 USD,Nintendo Switch,1892,70010000016897,70010000016897
Cinnabunny,380.65,2410.72,2030.07,84.2,0.158,5999.00 ARS,24.99 USD,Nintendo Switch,1815,70010000096994,70010000096994
Alien Hominid: The Extra Terrestrial Bundle,388.65,2410.72,2022.08,83.9,0.161,6125.00 ARS,24.99 USD,Nintendo Switch,1884,70070000019624,70070000019624
REANIMAL,1840.07,3857.74,2017.67,52.3,0.477,28999.00 ARS,39.99 USD,Nintendo Switch 2,145,70010000109876,70010000109876
Disney Epic Mickey: Rebrushed,1840.07,3857.74,2017.67,52.3,0.477,28999.00 ARS,39.99 USD,Nintendo Switch,462,70010000065853,70010000065853
GRIS + Neva Bundle,920.07,2893.06,1972.99,68.2,0.318,14500.00 ARS,29.99 USD,Nintendo Switch,1454,70070000024948,70070000024948
System Shock,1897.18,3857.74,1960.56,50.8,0.492,29899.00 ARS,39.99 USD,Nintendo Switch 2,1064,70010000112540,70010000112540
 LEGO® Party!,1903.53,3857.74,1954.21,50.7,0.493,29999.00 ARS,39.99 USD,Nintendo Switch,165,70010000096454,70010000096454
The Wandering Village,951.73,2893.06,1941.33,67.1,0.329,14999.00 ARS,29.99 USD,Nintendo Switch,1027,70010000082515,70010000082515
ASTRONEER,951.79,2893.06,1941.27,67.1,0.329,15000.00 ARS,29.99 USD,Nintendo Switch,760,70010000037336,70010000037336
Totally Accurate Battle Simulator,18.02,1928.39,1910.37,99.1,0.009,284.00 ARS,19.99 USD,Nintendo Switch,291,70010000048963,70010000048963
Wytchwood,18.02,1928.39,1910.37,99.1,0.009,284.00 ARS,19.99 USD,Nintendo Switch,496,70010000042326,70010000042326
Lake,18.02,1928.39,1910.37,99.1,0.009,284.00 ARS,19.99 USD,Nintendo Switch,633,70010000042321,70010000042321
Bus Driving Simulator 24 - City Roads,507.62,2410.72,1903.1,78.9,0.211,8000.00 ARS,24.99 USD,Nintendo Switch,1869,70010000075152,70010000075152
Cuphead,35.08,1928.39,1893.3,98.2,0.018,552.90 ARS,19.99 USD,Nintendo Switch,67,70010000016330,70010000016330
Potion Permit,39.97,1928.39,1888.41,97.9,0.021,629.99 ARS,19.99 USD,Nintendo Switch,1129,70010000035808,70010000035808
Untitled Goose Game,56.22,1928.39,1872.17,97.1,0.029,885.99 ARS,19.99 USD,Nintendo Switch,142,70010000014141,70010000014141
Contra Anniversary Collection,57.04,1928.39,1871.34,97.0,0.03,899.00 ARS,19.99 USD,Nintendo Switch,550,70010000018451,70010000018451
"Warhammer 40,000: Shootas, Blood & Teef",57.04,1928.39,1871.34,97.0,0.03,899.00 ARS,19.99 USD,Nintendo Switch,1697,70010000042665,70010000042665
Monster Sanctuary,57.04,1928.39,1871.34,97.0,0.03,899.00 ARS,19.99 USD,Nintendo Switch,1830,70010000018422,70010000018422
Rogue Heroes: Ruins of Tasos,57.04,1928.39,1871.34,97.0,0.03,899.00 ARS,19.99 USD,Nintendo Switch,1855,70010000027136,70010000027136
Wobbledogs,63.01,1928.39,1865.38,96.7,0.033,993.00 ARS,19.99 USD,Nintendo Switch,597,70010000052267,70010000052267
Trials Rising Standard Edition,63.39,1928.39,1865.0,96.7,0.033,999.00 ARS,19.99 USD,Nintendo Switch,1680,70010000007866,70010000007866
Crow Country,63.45,1928.39,1864.93,96.7,0.033,999.99 ARS,19.99 USD,Nintendo Switch,1295,70010000054547,70010000054547
Unpacking,66.63,1928.39,1861.76,96.5,0.035,1050.00 ARS,19.99 USD,Nintendo Switch,151,70010000043205,70010000043205
Forager,66.63,1928.39,1861.76,96.5,0.035,1050.00 ARS,19.99 USD,Nintendo Switch,854,70010000013004,70010000013004
SIGNALIS,76.08,1928.39,1852.31,96.1,0.039,1199.00 ARS,19.99 USD,Nintendo Switch,742,70010000054886,70010000054886
Mineko's Night Market,76.08,1928.39,1852.31,96.1,0.039,1199.00 ARS,19.99 USD,Nintendo Switch,1320,70010000012385,70010000012385
Unrailed!,76.14,1928.39,1852.24,96.1,0.039,1200.00 ARS,19.99 USD,Nintendo Switch,1321,70010000029629,70010000029629
Superliminal,81.22,1928.39,1847.17,95.8,0.042,1280.00 ARS,19.99 USD,Nintendo Switch,830,70010000028673,70010000028673
Ori and the Blind Forest: Definitive Edition,82.43,1928.39,1845.96,95.7,0.043,1299.00 ARS,19.99 USD,Nintendo Switch,356,70010000018710,70010000018710
WHAT THE GOLF?,85.66,1928.39,1842.73,95.6,0.044,1350.00 ARS,19.99 USD,Nintendo Switch,1257,70010000022226,70010000022226
PlateUp!,88.83,1928.39,1839.55,95.4,0.046,1400.00 ARS,19.99 USD,Nintendo Switch,269,70010000063645,70010000063645
CATAN® - Console Edition,88.83,1928.39,1839.55,95.4,0.046,1400.00 ARS,19.99 USD,Nintendo Switch,665,70010000068417,70010000068417
WORLD OF HORROR,88.83,1928.39,1839.55,95.4,0.046,1400.00 ARS,19.99 USD,Nintendo Switch,1006,70010000059936,70010000059936
Witchy Life Story,88.83,1928.39,1839.55,95.4,0.046,1400.00 ARS,19.99 USD,Nintendo Switch,1061,70010000067649,70010000067649
Ember Knights,88.83,1928.39,1839.55,95.4,0.046,1400.00 ARS,19.99 USD,Nintendo Switch,1345,70010000064316,70010000064316
Smushi Come Home,88.83,1928.39,1839.55,95.4,0.046,1400.00 ARS,19.99 USD,Nintendo Switch,1400,70010000062673,70010000062673
Planet of Lana,89.98,1928.39,1838.41,95.3,0.047,1418.00 ARS,19.99 USD,Nintendo Switch,1975,70010000073403,70010000073403
Inscryption,90.04,1928.39,1838.35,95.3,0.047,1419.00 ARS,19.99 USD,Nintendo Switch,436,70010000051034,70010000051034
Blue Prince,1078.64,2893.06,1814.43,62.7,0.373,16999.00 ARS,29.99 USD,Nintendo Switch 2,332,70010000109038,70010000109038
Enter x Exit the Gungeon,114.12,1928.39,1814.26,94.1,0.059,1798.56 ARS,19.99 USD,Nintendo Switch,1110,70070000017234,70070000017234
Overcooked Special Edition,114.16,1928.39,1814.23,94.1,0.059,1799.10 ARS,19.99 USD,Nintendo Switch,492,70010000000883,70010000000883
Heavenly Bodies,114.22,1928.39,1814.17,94.1,0.059,1800.00 ARS,19.99 USD,Nintendo Switch,1732,70010000073611,70010000073611
Rapala Fishing Pro Series,114.22,1928.39,1814.17,94.1,0.059,1800.00 ARS,19.99 USD,Nintendo Switch,1838,70010000009261,70010000009261
Pizza Tower,129.76,1928.39,1798.63,93.3,0.067,2045.00 ARS,19.99 USD,Nintendo Switch,248,70010000074087,70010000074087
Tales of the Shire: A The Lord of the Rings™ Game Nintendo Switch 2 Edition,1586.26,3375.4,1789.14,53.0,0.47,24999.00 ARS,34.99 USD,Nintendo Switch 2,1477,70010000120682,70010000120682
Ys vs. Trails in the Sky: Alternative Saga,1586.26,3375.4,1789.14,53.0,0.47,24999.00 ARS,34.99 USD,Nintendo Switch,1742,70010000082393,70010000082393
Gas Station Simulator,139.46,1928.39,1788.93,92.8,0.072,2197.80 ARS,19.99 USD,Nintendo Switch,1931,70010000049169,70010000049169
Graveyard Keeper,139.53,1928.39,1788.86,92.8,0.072,2198.90 ARS,19.99 USD,Nintendo Switch,576,70010000013397,70010000013397
Death's Door,139.53,1928.39,1788.86,92.8,0.072,2198.90 ARS,19.99 USD,Nintendo Switch,735,70010000046941,70010000046941
Root,139.53,1928.39,1788.86,92.8,0.072,2198.90 ARS,19.99 USD,Nintendo Switch,736,70010000041423,70010000041423
Secret Neighbor,139.53,1928.39,1788.86,92.8,0.072,2198.90 ARS,19.99 USD,Nintendo Switch,1166,70010000035225,70010000035225
DUSK,139.53,1928.39,1788.86,92.8,0.072,2198.90 ARS,19.99 USD,Nintendo Switch,1568,70010000045222,70010000045222
Webbed,139.53,1928.39,1788.86,92.8,0.072,2198.90 ARS,19.99 USD,Nintendo Switch,1778,70010000040879,70010000040879
RISK® Global Domination,139.53,1928.39,1788.85,92.8,0.072,2199.00 ARS,19.99 USD,Nintendo Switch,700,70010000008819,70010000008819
Conduct TOGETHER!,139.53,1928.39,1788.85,92.8,0.072,2199.00 ARS,19.99 USD,Nintendo Switch,1954,70010000015189,70010000015189
Farm Together,139.6,1928.39,1788.79,92.8,0.072,2199.99 ARS,19.99 USD,Nintendo Switch,1665,70010000013165,70010000013165
Spelunky 2,141.44,1928.39,1786.95,92.7,0.073,2229.00 ARS,19.99 USD,Nintendo Switch,711,70010000036428,70010000036428
SongPop Party,145.37,1928.39,1783.02,92.5,0.075,2290.92 ARS,19.99 USD,Nintendo Switch,1531,70010000050536,70010000050536
Clue,145.94,1928.39,1782.44,92.4,0.076,2300.00 ARS,19.99 USD,Nintendo Switch,864,70010000072283,70010000072283
METAL GEAR SOLID - Master Collection Version,148.04,1928.39,1780.35,92.3,0.077,2333.00 ARS,19.99 USD,Nintendo Switch,688,70070000017903,70070000017903
METAL GEAR SOLID 3: Snake Eater - Master Collection Version,148.04,1928.39,1780.35,92.3,0.077,2333.00 ARS,19.99 USD,Nintendo Switch,744,70010000064119,70010000064119
METAL GEAR SOLID 2: Sons of Liberty - Master Collection Version,148.04,1928.39,1780.35,92.3,0.077,2333.00 ARS,19.99 USD,Nintendo Switch,877,70010000064117,70010000064117
The Jackbox Party Starter,153.07,1928.39,1775.32,92.1,0.079,2412.26 ARS,19.99 USD,Nintendo Switch,349,70010000051403,70010000051403
Everdell,163.43,1928.39,1764.96,91.5,0.085,2575.56 ARS,19.99 USD,Nintendo Switch,1408,70010000056698,70010000056698
Easy Come Easy Golf,166.44,1928.39,1761.95,91.4,0.086,2623.00 ARS,19.99 USD,Nintendo Switch,1305,70010000052451,70010000052451
Pentiment,171.26,1928.39,1757.13,91.1,0.089,2699.00 ARS,19.99 USD,Nintendo Switch,1083,70010000068743,70010000068743
Sun Haven,1142.09,2893.06,1750.97,60.5,0.395,17999.00 ARS,29.99 USD,Nintendo Switch,411,70010000073883,70010000073883
Potionomics: Masterwork Edition,1142.15,2893.06,1750.91,60.5,0.395,18000.00 ARS,29.99 USD,Nintendo Switch,1871,70010000073837,70010000073837
Jackbox Naughty Pack,180.21,1928.39,1748.18,90.7,0.093,2840.00 ARS,19.99 USD,Nintendo Switch,390,70010000077974,70010000077974
Wizard101,183.95,1928.39,1744.44,90.5,0.095,2899.00 ARS,19.99 USD,Nintendo Switch,74,70010000081414,70010000081414
NEEDY STREAMER OVERLOAD,189.22,1928.39,1739.17,90.2,0.098,2982.00 ARS,19.99 USD,Nintendo Switch,552,70010000054212,70010000054212
ARK: Survival Evolved,190.3,1928.39,1738.09,90.1,0.099,2999.00 ARS,19.99 USD,Nintendo Switch,203,70010000010940,70010000010940
Siralim Ultimate,190.36,1928.39,1738.03,90.1,0.099,2999.99 ARS,19.99 USD,Nintendo Switch,1407,70010000058296,70010000058296
Dead by Daylight,1165.18,2893.06,1727.88,59.7,0.403,18362.89 ARS,29.99 USD,Nintendo Switch,138,70010000016124,70010000016124
Cult of the Lamb,685.23,2410.72,1725.5,71.6,0.284,10799.00 ARS,24.99 USD,Nintendo Switch,137,70010000047973,70010000047973
LEGO® Brawls,209.33,1928.39,1719.06,89.1,0.109,3299.00 ARS,19.99 USD,Nintendo Switch,894,70010000046171,70010000046171
Hotline Miami Collection,697.92,2410.72,1712.81,71.0,0.29,10999.00 ARS,24.99 USD,Nintendo Switch,856,70010000020090,70010000020090
Kindergarten Buddy Edition,217.96,1928.39,1710.43,88.7,0.113,3435.00 ARS,19.99 USD,Nintendo Switch,759,70010000060677,70010000060677
True Disc Golf,222.02,1928.39,1706.36,88.5,0.115,3499.00 ARS,19.99 USD,Nintendo Switch,828,70010000019002,70010000019002
Darkest Dungeon,705.47,2410.72,1705.25,70.7,0.293,11118.00 ARS,24.99 USD,Nintendo Switch,1534,70010000004705,70010000004705
ANTONBLAST,225.78,1928.39,1702.6,88.3,0.117,3558.30 ARS,19.99 USD,Nintendo Switch,1106,70010000078618,70010000078618
Choo-Choo Charles,228.13,1928.39,1700.26,88.2,0.118,3595.28 ARS,19.99 USD,Nintendo Switch,849,70010000070923,70010000070923
Return to Monkey Island,720.19,2410.72,1690.53,70.1,0.299,11350.00 ARS,24.99 USD,Nintendo Switch,1926,70010000053425,70010000053425
Little Nightmares Complete Edition,1218.23,2893.06,1674.83,57.9,0.421,19199.00 ARS,29.99 USD,Nintendo Switch,523,70010000000757,70010000000757
Katamari Damacy REROLL,1218.23,2893.06,1674.83,57.9,0.421,19199.00 ARS,29.99 USD,Nintendo Switch,794,70010000013947,70010000013947
We Love Katamari REROLL+ Royal Reverie,1218.23,2893.06,1674.83,57.9,0.421,19199.00 ARS,29.99 USD,Nintendo Switch,811,70010000055851,70010000055851
NAMCO MUSEUM,1218.23,2893.06,1674.83,57.9,0.421,19199.00 ARS,29.99 USD,Nintendo Switch,863,70010000000722,70010000000722
PAC-MAN WORLD Re-PAC,1218.23,2893.06,1674.83,57.9,0.421,19199.00 ARS,29.99 USD,Nintendo Switch,972,70010000042729,70010000042729
Minecraft Dungeons,253.75,1928.39,1674.64,86.8,0.132,3999.00 ARS,19.99 USD,Nintendo Switch,85,70010000021401,70010000021401
Fran Bow,253.81,1928.39,1674.57,86.8,0.132,4000.00 ARS,19.99 USD,Nintendo Switch,653,70010000062717,70010000062717
Spindle,253.81,1928.39,1674.57,86.8,0.132,4000.00 ARS,19.99 USD,Nintendo Switch,1773,70010000085088,70010000085088
NINJA KIDZ: TIME MASTERS,254.52,1928.39,1673.87,86.8,0.132,4011.10 ARS,19.99 USD,Nintendo Switch,773,70010000064023,70010000064023
OXENFREE II: Lost Signals,266.81,1928.39,1661.57,86.2,0.138,4204.88 ARS,19.99 USD,Nintendo Switch,1718,70010000050255,70010000050255
Lemon Cake ,272.21,1928.39,1656.17,85.9,0.141,4290.00 ARS,19.99 USD,Nintendo Switch,652,70010000052759,70010000052759
The Cosmic Wheel Sisterhood,82.49,1735.45,1652.96,95.2,0.048,1300.00 ARS,17.99 USD,Nintendo Switch,647,70010000064689,70010000064689
Wildermyth: Console Edition,761.37,2410.72,1649.35,68.4,0.316,11999.00 ARS,24.99 USD,Nintendo Switch,1340,70010000066482,70010000066482
Salt and Sanctuary,88.83,1735.45,1646.62,94.9,0.051,1400.00 ARS,17.99 USD,Nintendo Switch,1352,70010000005003,70010000005003
Barony,285.54,1928.39,1642.85,85.2,0.148,4500.00 ARS,19.99 USD,Nintendo Switch,595,70010000059441,70010000059441
Cuisineer,1262.71,2893.06,1630.35,56.4,0.436,19900.00 ARS,29.99 USD,Nintendo Switch,1787,70010000083966,70010000083966
Wobbly Life - Nintendo Switch™  2 Edition,1269.0,2893.06,1624.07,56.1,0.439,19999.00 ARS,29.99 USD,Nintendo Switch 2,968,70010000131308,70010000131308
STARSEEKER: Astroneer Expeditions,1277.31,2893.06,1615.75,55.8,0.442,20130.00 ARS,29.99 USD,Nintendo Switch 2,1267,70010000103278,70010000103278
Chants of Sennaar,317.2,1928.39,1611.19,83.6,0.164,4999.00 ARS,19.99 USD,Nintendo Switch,679,70010000060400,70010000060400
Monster Prom 2: Monster Camp XXL,125.57,1735.45,1609.88,92.8,0.072,1978.90 ARS,17.99 USD,Nintendo Switch,1848,70010000044492,70010000044492
Police Simulator: Patrol Officers: Nintendo Switch™ Edition ,1288.1,2893.06,1604.97,55.5,0.445,20300.00 ARS,29.99 USD,Nintendo Switch,1874,70010000077967,70010000077967
ANIMAL WELL,824.89,2410.72,1585.84,65.8,0.342,13000.00 ARS,24.99 USD,Nintendo Switch,603,70010000065090,70010000065090
Bear and Breakfast,355.34,1928.39,1573.05,81.6,0.184,5600.00 ARS,19.99 USD,Nintendo Switch,841,70010000028856,70010000028856
In Stars and Time,355.34,1928.39,1573.05,81.6,0.184,5600.00 ARS,19.99 USD,Nintendo Switch,934,70010000055666,70010000055666
Islets,355.34,1928.39,1573.05,81.6,0.184,5600.00 ARS,19.99 USD,Nintendo Switch,1800,70010000046503,70010000046503
UFO 50,848.11,2410.72,1562.61,64.8,0.352,13366.00 ARS,24.99 USD,Nintendo Switch,363,70010000098422,70010000098422
MOUSE: P.I. For Hire,1331.05,2893.06,1562.01,54.0,0.46,20977.00 ARS,29.99 USD,Nintendo Switch 2,54,70010000101091,70010000101091
The Midnight Walk,1332.51,2893.06,1560.55,53.9,0.461,21000.00 ARS,29.99 USD,Nintendo Switch 2,1041,70010000110855,70010000110855
DAVE THE DIVER,372.91,1928.39,1555.47,80.7,0.193,5877.00 ARS,19.99 USD,Nintendo Switch,200,70010000060372,70010000060372
DAVE THE DIVER Nintendo Switch 2 Edition,372.91,1928.39,1555.47,80.7,0.193,5877.00 ARS,19.99 USD,Nintendo Switch 2,253,70010000111452,70010000111452
Resident Evil Revelations 2,373.23,1928.39,1555.16,80.6,0.194,5882.00 ARS,19.99 USD,Nintendo Switch,545,70010000001515,70010000001515
Mega Man Legacy Collection 2,373.23,1928.39,1555.16,80.6,0.194,5882.00 ARS,19.99 USD,Nintendo Switch,662,70010000004682,70010000004682
Resident Evil Revelations,373.23,1928.39,1555.16,80.6,0.194,5882.00 ARS,19.99 USD,Nintendo Switch,974,70010000001421,70010000001421
Capcom Beat 'Em Up Bundle,373.23,1928.39,1555.16,80.6,0.194,5882.00 ARS,19.99 USD,Nintendo Switch,1669,70010000013508,70010000013508
Persona 4 Golden,380.65,1928.39,1547.73,80.3,0.197,5999.00 ARS,19.99 USD,Nintendo Switch,278,70010000060320,70010000060320
Sonic Mania,380.65,1928.39,1547.73,80.3,0.197,5999.00 ARS,19.99 USD,Nintendo Switch,334,70010000000809,70010000000809
Persona 3 Portable,380.65,1928.39,1547.73,80.3,0.197,5999.00 ARS,19.99 USD,Nintendo Switch,678,70010000060324,70010000060324
Puyo Puyo™Tetris®,380.65,1928.39,1547.73,80.3,0.197,5999.00 ARS,19.99 USD,Nintendo Switch,788,70010000000113,70010000000113
Wizard of Legend,6.98,1542.52,1535.54,99.5,0.005,109.99 ARS,15.99 USD,Nintendo Switch,1051,70010000003089,70010000003089
Return of the Obra Dinn,393.09,1928.39,1535.3,79.6,0.204,6195.00 ARS,19.99 USD,Nintendo Switch,497,70010000020339,70010000020339
INSIDE,883.27,2410.72,1527.46,63.4,0.366,13920.00 ARS,24.99 USD,Nintendo Switch,875,70010000005804,70010000005804
Valheim,1370.58,2893.06,1522.48,52.6,0.474,21600.00 ARS,29.99 USD,Nintendo Switch 2,211,70010000098088,70010000098088
Wizard of Legend 2,888.34,2410.72,1522.38,63.2,0.368,14000.00 ARS,24.99 USD,Nintendo Switch,924,70010000085515,70010000085515
Goat Simulator 3,1376.87,2893.06,1516.2,52.4,0.476,21699.00 ARS,29.99 USD,Nintendo Switch,328,70010000066362,70010000066362
Goat Simulator 3,1376.87,2893.06,1516.2,52.4,0.476,21699.00 ARS,29.99 USD,Nintendo Switch 2,534,70010000115431,70010000115431
Cattails: Wildwood Story,437.83,1928.39,1490.56,77.3,0.227,6900.00 ARS,19.99 USD,Nintendo Switch,1192,70010000064522,70010000064522
Fresh Start,443.54,1928.39,1484.85,77.0,0.23,6990.00 ARS,19.99 USD,Nintendo Switch,1880,70010000068230,70010000068230
Potion Craft: Alchemist Simulator,444.17,1928.39,1484.22,77.0,0.23,6999.99 ARS,19.99 USD,Nintendo Switch,602,70010000054960,70010000054960
NINJA GAIDEN: Ragebound,928.38,2410.72,1482.34,61.5,0.385,14631.00 ARS,24.99 USD,Nintendo Switch,838,70010000086459,70010000086459
Monster Train 2,929.24,2410.72,1481.49,61.5,0.385,14644.49 ARS,24.99 USD,Nintendo Switch,740,70010000087394,70010000087394
Shantae: Half- Genie Hero Ultimate Edition,1427.69,2893.06,1465.37,50.7,0.493,22500.00 ARS,29.99 USD,Nintendo Switch,1891,70010000005444,70010000005444
Slime Rancher: Plortable Edition,945.45,2410.72,1465.28,60.8,0.392,14900.00 ARS,24.99 USD,Nintendo Switch,288,70010000040144,70010000040144
PowerWash Simulator 2,951.73,2410.72,1458.99,60.5,0.395,14999.00 ARS,24.99 USD,Nintendo Switch 2,119,70010000098324,70010000098324
Hollow Knight,11.42,1447.01,1435.59,99.2,0.008,179.99 ARS,15.00 USD,Nintendo Switch,27,70010000003208,70010000003208
Hollow Knight – Nintendo Switch 2 Edition,11.42,1447.01,1435.59,99.2,0.008,179.99 ARS,15.00 USD,Nintendo Switch 2,148,70010000117998,70010000117998
Bush Hockey League,107.87,1542.52,1434.65,93.0,0.07,1699.99 ARS,15.99 USD,Nintendo Switch,1004,70010000031349,70010000031349
Stardew Valley,11.42,1446.05,1434.63,99.2,0.008,179.99 ARS,14.99 USD,Nintendo Switch,12,70010000001801,70010000001801
Stardew Valley: Nintendo Switch 2 Edition,11.42,1446.05,1434.63,99.2,0.008,179.99 ARS,14.99 USD,Nintendo Switch 2,50,70010000105384,70010000105384
Don't Starve Together,11.42,1446.05,1434.63,99.2,0.008,179.99 ARS,14.99 USD,Nintendo Switch,271,70010000019795,70010000019795
Indoor Baseball,11.42,1446.05,1434.63,99.2,0.008,179.99 ARS,14.99 USD,Nintendo Switch,1212,70010000103906,70010000103906
Indoor Kickball,11.42,1446.05,1434.63,99.2,0.008,179.99 ARS,14.99 USD,Nintendo Switch,1481,70010000065788,70010000065788
Sally Face,12.06,1446.05,1433.99,99.2,0.008,189.99 ARS,14.99 USD,Nintendo Switch,273,70010000031667,70010000031667
Disney Villains Cursed Café,13.58,1446.05,1432.47,99.1,0.009,214.00 ARS,14.99 USD,Nintendo Switch,1528,70010000068524,70010000068524
SpiderHeck,47.59,1446.05,1398.46,96.7,0.033,749.99 ARS,14.99 USD,Nintendo Switch,661,70010000046214,70010000046214
CRYPT CUSTODIAN,539.35,1928.39,1389.04,72.0,0.28,8500.00 ARS,19.99 USD,Nintendo Switch,1021,70010000080959,70010000080959
A Little to the Left,58.5,1446.05,1387.55,96.0,0.04,922.00 ARS,14.99 USD,Nintendo Switch,305,70010000051361,70010000051361
Make Way,58.5,1446.05,1387.55,96.0,0.04,922.00 ARS,14.99 USD,Nintendo Switch,1187,70010000042902,70010000042902
Car Mechanic Simulator Pocket Edition 2,107.81,1494.28,1386.48,92.8,0.072,1699.00 ARS,15.49 USD,Nintendo Switch,1191,70010000050766,70010000050766
Scott Pilgrim vs. The World™: The Game – Complete Edition,63.39,1446.05,1382.66,95.6,0.044,999.00 ARS,14.99 USD,Nintendo Switch,654,70010000030150,70010000030150
Into the Breach,63.45,1446.05,1382.6,95.6,0.044,999.99 ARS,14.99 USD,Nintendo Switch,991,70010000011496,70010000011496
Melatonin,66.63,1446.05,1379.42,95.4,0.046,1050.00 ARS,14.99 USD,Nintendo Switch,658,70010000058463,70010000058463
Pummel Party,66.63,1446.05,1379.42,95.4,0.046,1050.00 ARS,14.99 USD,Nintendo Switch,754,70010000068064,70010000068064
Stacklands,66.63,1446.05,1379.42,95.4,0.046,1050.00 ARS,14.99 USD,Nintendo Switch,1391,70010000069130,70010000069130
Sports Story,66.63,1446.05,1379.42,95.4,0.046,1050.00 ARS,14.99 USD,Nintendo Switch,1879,70010000025688,70010000025688
Golf Story,68.53,1446.05,1377.52,95.3,0.047,1080.00 ARS,14.99 USD,Nintendo Switch,989,70010000000776,70010000000776
Demonschool,1034.28,2410.72,1376.44,57.1,0.429,16300.00 ARS,24.99 USD,Nintendo Switch,1274,70010000064551,70010000064551
Rift of the NecroDancer,552.04,1928.39,1376.35,71.4,0.286,8700.00 ARS,19.99 USD,Nintendo Switch,1019,70010000064328,70010000064328
Winter Games Collection + Advent Calendar,76.08,1446.05,1369.97,94.7,0.053,1199.00 ARS,14.99 USD,Nintendo Switch,1153,70010000098641,70010000098641
Games Advent Calendar - 25 Days - 25 Surprises,79.25,1446.05,1366.8,94.5,0.055,1249.00 ARS,14.99 USD,Nintendo Switch,1173,70010000070214,70010000070214
Turnip Boy Commits Tax Evasion,85.6,1446.05,1360.44,94.1,0.059,1349.10 ARS,14.99 USD,Nintendo Switch,1635,70010000033299,70010000033299
Shovel Knight: Shovel of Hope,85.66,1446.05,1360.39,94.1,0.059,1350.00 ARS,14.99 USD,Nintendo Switch,1351,70010000029168,70010000029168
CARRION ,571.01,1928.39,1357.37,70.4,0.296,8999.00 ARS,19.99 USD,Nintendo Switch,1245,70010000020948,70010000020948
Bō: Path of the Teal Lotus,571.01,1928.39,1357.37,70.4,0.296,8999.00 ARS,19.99 USD,Nintendo Switch,1692,70010000075911,70010000075911
Undertale,91.94,1446.05,1354.11,93.6,0.064,1449.00 ARS,14.99 USD,Nintendo Switch,64,70010000009921,70010000009921
Risk of Rain Returns,95.18,1446.05,1350.87,93.4,0.066,1500.00 ARS,14.99 USD,Nintendo Switch,1105,70010000061926,70010000061926
Dicey Dungeons,95.18,1446.05,1350.87,93.4,0.066,1500.00 ARS,14.99 USD,Nintendo Switch,1621,70010000028411,70010000028411
Core Keeper,579.33,1928.39,1349.06,70.0,0.3,9129.99 ARS,19.99 USD,Nintendo Switch,407,70010000073033,70010000073033
Core Keeper – Nintendo Switch 2 Edition,579.33,1928.39,1349.06,70.0,0.3,9129.99 ARS,19.99 USD,Nintendo Switch 2,669,70010000115435,70010000115435
The Walking Dead: The Complete First Season,101.46,1446.05,1344.59,93.0,0.07,1599.00 ARS,14.99 USD,Nintendo Switch,494,70010000013002,70010000013002
The Walking Dead: Season Two,101.46,1446.05,1344.59,93.0,0.07,1599.00 ARS,14.99 USD,Nintendo Switch,827,70010000014767,70010000014767
The Walking Dead: A New Frontier,101.46,1446.05,1344.59,93.0,0.07,1599.00 ARS,14.99 USD,Nintendo Switch,1058,70010000011822,70010000011822
Animal Revolt Battle Simulator,101.52,1446.05,1344.52,93.0,0.07,1600.00 ARS,14.99 USD,Nintendo Switch,1031,70010000049055,70010000049055
Loddlenaut,585.54,1928.39,1342.84,69.6,0.304,9227.99 ARS,19.99 USD,Nintendo Switch,1715,70010000082759,70010000082759
Totally Reliable Delivery Service,104.63,1446.05,1341.42,92.8,0.072,1648.90 ARS,14.99 USD,Nintendo Switch,844,70010000026951,70010000026951
SpeedRunners,104.63,1446.05,1341.42,92.8,0.072,1648.90 ARS,14.99 USD,Nintendo Switch,1096,70010000014367,70010000014367
Kill It With Fire,104.63,1446.05,1341.42,92.8,0.072,1648.90 ARS,14.99 USD,Nintendo Switch,1465,70010000033491,70010000033491
Instant Sports,104.63,1446.05,1341.42,92.8,0.072,1648.90 ARS,14.99 USD,Nintendo Switch,1968,70010000017661,70010000017661
Pajama Sam: No Need to Hide When It's Dark Outside,104.63,1446.05,1341.41,92.8,0.072,1649.00 ARS,14.99 USD,Nintendo Switch,1322,70010000035931,70010000035931
Putt-Putt Saves The Zoo,104.63,1446.05,1341.41,92.8,0.072,1649.00 ARS,14.99 USD,Nintendo Switch,1343,70010000036032,70010000036032
Pajama Sam 3: You Are What You Eat From Your Head To Your Feet,104.63,1446.05,1341.41,92.8,0.072,1649.00 ARS,14.99 USD,Nintendo Switch,1745,70010000071152,70010000071152
Blanc,106.54,1446.05,1339.51,92.6,0.074,1679.00 ARS,14.99 USD,Nintendo Switch,920,70010000038144,70010000038144
Crystal Project,10.79,1349.58,1338.79,99.2,0.008,169.99 ARS,13.99 USD,Nintendo Switch,1469,70010000074166,70010000074166
Lost Eidolons: Veil of the Witch,1078.64,2410.72,1332.09,55.3,0.447,16999.00 ARS,24.99 USD,Nintendo Switch,1440,70010000098758,70010000098758
Home Safety Hotline,601.85,1928.39,1326.54,68.8,0.312,9485.00 ARS,19.99 USD,Nintendo Switch,1437,70010000083893,70010000083893
Rugrats: Adventures in Gameland,602.8,1928.39,1325.58,68.7,0.313,9500.00 ARS,19.99 USD,Nintendo Switch,1929,70010000082320,70010000082320
Storyteller,126.91,1446.05,1319.14,91.2,0.088,1999.99 ARS,14.99 USD,Nintendo Switch,882,70010000044948,70010000044948
Angry Video Game Nerd 8-bit,615.49,1928.39,1312.89,68.1,0.319,9700.00 ARS,19.99 USD,Nintendo Switch,1344,70010000095749,70010000095749
The Battle of Polytopia,133.25,1446.05,1312.8,90.8,0.092,2100.00 ARS,14.99 USD,Nintendo Switch,1490,70010000045464,70010000045464
Puzzle Bobble™2X/BUST-A-MOVE™2 Arcade Edition & Puzzle Bobble™3/BUST-A-MOVE™3 S-Tribute,148.41,1446.05,1297.64,89.7,0.103,2338.90 ARS,14.99 USD,Nintendo Switch,1932,70010000044732,70010000044732
Shashingo: Learn Japanese with Photography,634.53,1929.35,1294.82,67.1,0.329,10000.00 ARS,20.00 USD,Nintendo Switch,1782,70010000069490,70010000069490
Kingdom Two Crowns,634.47,1928.39,1293.92,67.1,0.329,9999.00 ARS,19.99 USD,Nintendo Switch,1368,70010000000670,70010000000670
Cassette Beasts,634.53,1928.39,1293.86,67.1,0.329,9999.99 ARS,19.99 USD,Nintendo Switch,1403,70010000061441,70010000061441
Glover (QUByte Classics),634.53,1928.39,1293.86,67.1,0.329,9999.99 ARS,19.99 USD,Nintendo Switch,1588,70010000058111,70010000058111
Neva,642.46,1928.39,1285.93,66.7,0.333,10125.00 ARS,19.99 USD,Nintendo Switch,1124,70010000067708,70010000067708
NAIAD,642.46,1928.39,1285.93,66.7,0.333,10125.00 ARS,19.99 USD,Nintendo Switch,1416,70010000052231,70010000052231
Stray,456.86,1735.45,1278.59,73.7,0.263,7200.00 ARS,17.99 USD,Nintendo Switch,191,70010000080625,70010000080625
Stray,456.86,1735.45,1278.59,73.7,0.263,7200.00 ARS,17.99 USD,Nintendo Switch 2,767,70010000119345,70010000119345
The Rise of the Golden Idol,653.5,1928.39,1274.88,66.1,0.339,10299.00 ARS,19.99 USD,Nintendo Switch,1705,70010000074621,70010000074621
The Darkest Files,664.99,1928.39,1263.4,65.5,0.345,10480.00 ARS,19.99 USD,Nintendo Switch,1600,70010000120252,70010000120252
Discounty,665.62,1928.39,1262.77,65.5,0.345,10490.00 ARS,19.99 USD,Nintendo Switch,225,70010000074119,70010000074119
Thank Goodness You're Here!,666.26,1928.39,1262.13,65.5,0.345,10500.00 ARS,19.99 USD,Nintendo Switch,762,70010000064959,70010000064959
Just Crow Things,666.26,1928.39,1262.13,65.5,0.345,10500.00 ARS,19.99 USD,Nintendo Switch,1856,70010000071826,70010000071826
Europa,190.36,1446.05,1255.69,86.8,0.132,2999.99 ARS,14.99 USD,Nintendo Switch,1266,70010000076184,70010000076184
Five Nights at Freddy's: Into the Pit,697.98,1928.39,1230.4,63.8,0.362,11000.00 ARS,19.99 USD,Nintendo Switch,430,70010000071079,70010000071079
Bad North,215.68,1446.05,1230.37,85.1,0.149,3399.00 ARS,14.99 USD,Nintendo Switch,1809,70010000002504,70010000002504
Shadows Over Loathing,101.52,1331.25,1229.73,92.4,0.076,1600.00 ARS,13.80 USD,Nintendo Switch,1291,70010000064070,70010000064070
Pipistrello and the Cursed Yoyo,704.33,1928.39,1224.06,63.5,0.365,11100.00 ARS,19.99 USD,Nintendo Switch,1050,70010000083559,70010000083559
Airplane Flight Simulator,222.02,1446.05,1224.03,84.6,0.154,3499.00 ARS,14.99 USD,Nintendo Switch,947,70010000022817,70010000022817
Truck Simulator City Delivery,222.02,1446.05,1224.03,84.6,0.154,3499.00 ARS,14.99 USD,Nintendo Switch,1695,70010000076929,70010000076929
Real Driving Simulator,222.02,1446.05,1224.03,84.6,0.154,3499.00 ARS,14.99 USD,Nintendo Switch,1907,70010000033331,70010000033331
Outer Wilds,228.43,1446.05,1217.62,84.2,0.158,3599.99 ARS,14.99 USD,Nintendo Switch,402,70010000038712,70010000038712
stitch.,237.95,1446.05,1208.1,83.5,0.165,3750.00 ARS,14.99 USD,Nintendo Switch,1067,70010000072200,70010000072200
All Hands on Deck,58.5,1253.11,1194.61,95.3,0.047,922.00 ARS,12.99 USD,Nintendo Switch,903,70010000100246,70010000100246
We Were Here Together,58.5,1253.11,1194.61,95.3,0.047,922.00 ARS,12.99 USD,Nintendo Switch,1552,70010000098143,70010000098143
Cabernet,736.05,1928.39,1192.33,61.8,0.382,11600.00 ARS,19.99 USD,Nintendo Switch,672,70010000085576,70010000085576
Infinite Lives,253.81,1446.05,1192.24,82.4,0.176,4000.00 ARS,14.99 USD,Nintendo Switch,1157,70010000099586,70010000099586
Hard Time III,253.81,1446.05,1192.24,82.4,0.176,4000.00 ARS,14.99 USD,Nintendo Switch,1591,70010000082366,70010000082366
Moss: The Forgotten Relic,742.4,1928.39,1185.99,61.5,0.385,11700.00 ARS,19.99 USD,Nintendo Switch 2,498,70010000120811,70010000120811
Moss: The Forgotten Relic,742.4,1928.39,1185.99,61.5,0.385,11700.00 ARS,19.99 USD,Nintendo Switch,507,70010000078792,70010000078792
Haste,742.4,1928.39,1185.99,61.5,0.385,11700.00 ARS,19.99 USD,Nintendo Switch 2,758,70010000120763,70010000120763
Bendy and the Ink Machine,742.4,1928.39,1185.99,61.5,0.385,11700.00 ARS,19.99 USD,Nintendo Switch,810,70010000012899,70010000012899
Bendy and the Dark Revival,742.4,1928.39,1185.99,61.5,0.385,11700.00 ARS,19.99 USD,Nintendo Switch,1120,70010000095084,70010000095084
Montabi,742.4,1928.39,1185.99,61.5,0.385,11700.00 ARS,19.99 USD,Nintendo Switch 2,1698,70010000128620,70010000128620
Assassin's Creed® III: Remastered,247.4,1426.76,1179.35,82.7,0.173,3899.00 ARS,14.79 USD,Nintendo Switch,296,70010000010684,70010000010684
Kingdom Rush Vengeance,754.14,1928.39,1174.25,60.9,0.391,11885.00 ARS,19.99 USD,Nintendo Switch,1586,70010000089259,70010000089259
Just Shapes & Beats,755.03,1928.39,1173.36,60.8,0.392,11899.00 ARS,19.99 USD,Nintendo Switch,488,70010000003653,70010000003653
Call of the Sea,761.37,1928.39,1167.01,60.5,0.395,11999.00 ARS,19.99 USD,Nintendo Switch,1565,70010000100290,70010000100290
Educational Games for Kids,83.5,1249.26,1165.75,93.3,0.067,1316.00 ARS,12.95 USD,Nintendo Switch,1169,70010000034742,70010000034742
Fate/stay night REMASTERED,571.08,1735.45,1164.37,67.1,0.329,9000.00 ARS,17.99 USD,Nintendo Switch,1381,70010000077806,70010000077806
"Guns, Gore and Cannoli 2",88.83,1253.11,1164.28,92.9,0.071,1399.99 ARS,12.99 USD,Nintendo Switch,1517,70010000010276,70010000010276
Cooking Tycoons - 3 in 1 Bundle,90.67,1253.11,1162.45,92.8,0.072,1428.90 ARS,12.99 USD,Nintendo Switch,1992,70010000025984,70010000025984
A Gummy's Life,780.47,1928.39,1147.92,59.5,0.405,12300.00 ARS,19.99 USD,Nintendo Switch,1333,70010000012971,70010000012971
Hades II – Nintendo Switch™ 2 Edition,877.19,2024.85,1147.66,56.7,0.433,13824.30 ARS,20.99 USD,Nintendo Switch 2,39,70010000105526,70010000105526
Hades II,877.19,2024.85,1147.66,56.7,0.433,13824.30 ARS,20.99 USD,Nintendo Switch,40,70010000060675,70010000060675
Calico,10.91,1156.65,1145.73,99.1,0.009,172.00 ARS,11.99 USD,Nintendo Switch,1548,70010000035831,70010000035831
GRIS,507.56,1638.98,1131.42,69.0,0.31,7999.00 ARS,16.99 USD,Nintendo Switch,932,70010000014006,70010000014006
Mystery Hotel: Hidden Objects,317.26,1446.05,1128.78,78.1,0.219,4999.99 ARS,14.99 USD,Nintendo Switch,1741,70010000097194,70010000097194
Turnip Boy Robs a Bank,317.26,1446.05,1128.78,78.1,0.219,5000.00 ARS,14.99 USD,Nintendo Switch,1982,70010000059475,70010000059475
DRAGON BALL XENOVERSE 2 for Nintendo Switch,812.13,1928.39,1116.25,57.9,0.421,12799.00 ARS,19.99 USD,Nintendo Switch,461,70010000001144,70010000001144
PAC-MAN MUSEUM+,812.13,1928.39,1116.25,57.9,0.421,12799.00 ARS,19.99 USD,Nintendo Switch,963,70010000051254,70010000051254
NARUTO SHIPPUDEN: Ultimate Ninja STORM 3 Full Burst,812.13,1928.39,1116.25,57.9,0.421,12799.00 ARS,19.99 USD,Nintendo Switch,1154,70010000003309,70010000003309
The Dark Pictures Anthology: Little Hope,812.13,1928.39,1116.25,57.9,0.421,12799.00 ARS,19.99 USD,Nintendo Switch,1459,70010000051069,70010000051069
MY HERO ONE'S JUSTICE,812.13,1928.39,1116.25,57.9,0.421,12799.00 ARS,19.99 USD,Nintendo Switch,1467,70010000012362,70010000012362
NARUTO: Ultimate Ninja STORM,812.13,1928.39,1116.25,57.9,0.421,12799.00 ARS,19.99 USD,Nintendo Switch,1576,70010000002732,70010000002732
PAC-MAN™ CHAMPIONSHIP EDITION 2 PLUS,812.13,1928.39,1116.25,57.9,0.421,12799.00 ARS,19.99 USD,Nintendo Switch,1597,70010000004842,70010000004842
The Dark Pictures Anthology: Man Of Medan,812.13,1928.39,1116.25,57.9,0.421,12799.00 ARS,19.99 USD,Nintendo Switch,1684,70010000051065,70010000051065
NARUTO SHIPPUDEN: Ultimate Ninja STORM 2,812.13,1928.39,1116.25,57.9,0.421,12799.00 ARS,19.99 USD,Nintendo Switch,1886,70010000003307,70010000003307
Wobbly Life,812.15,1928.39,1116.24,57.9,0.421,12799.20 ARS,19.99 USD,Nintendo Switch,80,70010000080994,70010000080994
Trombone Champ,332.81,1446.05,1113.24,77.0,0.23,5245.00 ARS,14.99 USD,Nintendo Switch,668,70010000065994,70010000065994
Terra Alia: The Language Discovery RPG,332.84,1446.05,1113.21,77.0,0.23,5245.39 ARS,14.99 USD,Nintendo Switch,1845,70010000046181,70010000046181
Best Served Cold,628.18,1735.45,1107.27,63.8,0.362,9900.00 ARS,17.99 USD,Nintendo Switch,1414,70010000088396,70010000088396
Quartet,824.83,1928.39,1103.56,57.2,0.428,12999.00 ARS,19.99 USD,Nintendo Switch,862,70010000075825,70010000075825
7 Days to End with You,57.11,1156.65,1099.54,95.1,0.049,900.00 ARS,11.99 USD,Nintendo Switch,1709,70010000060039,70010000060039
Monster Prom: XXL,447.91,1542.52,1094.6,71.0,0.29,7059.00 ARS,15.99 USD,Nintendo Switch,1388,70010000016512,70010000016512
Monster Prom 4: Monster Con XXL,837.58,1928.39,1090.81,56.6,0.434,13200.00 ARS,19.99 USD,Nintendo Switch,819,70010000104631,70010000104631
G.I. JOE: WRATH OF COBRA,380.72,1446.05,1065.33,73.7,0.263,6000.00 ARS,14.99 USD,Nintendo Switch,1616,70010000075207,70010000075207
Volcano Princess,7.61,1060.18,1052.56,99.3,0.007,120.00 ARS,10.99 USD,Nintendo Switch,1675,70010000113596,70010000113596
S.T.A.L.K.E.R.: Shadow of Chornobyl,882.0,1928.39,1046.39,54.3,0.457,13900.00 ARS,19.99 USD,Nintendo Switch,1719,70010000077870,70010000077870
Escape From Mystwood Mansion,593.86,1638.98,1045.13,63.8,0.362,9359.00 ARS,16.99 USD,Nintendo Switch,1338,70010000091089,70010000091089
Big Walk,888.34,1928.39,1040.05,53.9,0.461,14000.00 ARS,19.99 USD,Nintendo Switch 2,247,70010000109969,70010000109969
WINDSWEPT,888.34,1928.39,1040.05,53.9,0.461,14000.00 ARS,19.99 USD,Nintendo Switch,1297,70010000102191,70010000102191
UNDER THE ISLAND,888.34,1928.39,1040.05,53.9,0.461,14000.00 ARS,19.99 USD,Nintendo Switch,1382,70010000115815,70010000115815
"Love, Ghostie",893.72,1928.39,1034.66,53.7,0.463,14084.80 ARS,19.99 USD,Nintendo Switch,813,70010000105249,70010000105249
VA-11 Hall-A: Cyberpunk Bartender Action,412.44,1446.05,1033.6,71.5,0.285,6500.00 ARS,14.99 USD,Nintendo Switch,1474,70010000016732,70010000016732
Dorfromantik,50.76,1084.3,1033.53,95.3,0.047,799.99 ARS,11.24 USD,Nintendo Switch,676,70010000056984,70010000056984
Truck Simulator 2024 - USA Driver Zone,317.26,1349.58,1032.32,76.5,0.235,4999.99 ARS,13.99 USD,Nintendo Switch,958,70010000066891,70010000066891
Gang Beasts,126.84,1156.65,1029.8,89.0,0.11,1999.00 ARS,11.99 USD,Nintendo Switch,150,70010000033942,70010000033942
Balatro,417.52,1446.05,1028.53,71.1,0.289,6580.00 ARS,14.99 USD,Nintendo Switch,149,70010000072051,70010000072051
Balatro ,417.52,1446.05,1028.53,71.1,0.289,6580.00 ARS,14.99 USD,Nintendo Switch 2,254,70010000119171,70010000119171
COCOON,177.67,1204.88,1027.21,85.3,0.147,2799.99 ARS,12.49 USD,Nintendo Switch,1846,70010000014130,70010000014130
Bread & Fred,420.76,1446.05,1025.29,70.9,0.291,6631.00 ARS,14.99 USD,Nintendo Switch,540,70010000079721,70010000079721
Surgeon Simulator CPR,228.37,1253.11,1024.75,81.8,0.182,3599.00 ARS,12.99 USD,Nintendo Switch,971,70010000011986,70010000011986
Biped,425.13,1446.05,1020.91,70.6,0.294,6699.99 ARS,14.99 USD,Nintendo Switch,1314,70010000029107,70010000029107
Planet of Lana II: Nintendo Switch 2 Edition,920.07,1928.39,1008.32,52.3,0.477,14500.00 ARS,19.99 USD,Nintendo Switch 2,1867,70010000120153,70010000120153
Castlevania Dominus Collection,196.67,1204.88,1008.21,83.7,0.163,3099.50 ARS,12.49 USD,Nintendo Switch,878,70010000065729,70010000065729
Primal Planet,926.35,1928.39,1002.04,52.0,0.48,14599.00 ARS,19.99 USD,Nintendo Switch,1564,70010000106778,70010000106778
Katana ZERO,444.11,1446.05,1001.94,69.3,0.307,6999.00 ARS,14.99 USD,Nintendo Switch,1094,70010000017136,70010000017136
Loop Hero,444.11,1446.05,1001.94,69.3,0.307,6999.00 ARS,14.99 USD,Nintendo Switch,1788,70010000041968,70010000041968
POPUCOM,934.66,1928.39,993.72,51.5,0.485,14730.00 ARS,19.99 USD,Nintendo Switch,1111,70010000083225,70010000083225
Skate Story,935.3,1928.39,993.09,51.5,0.485,14740.00 ARS,19.99 USD,Nintendo Switch 2,495,70010000102475,70010000102475
Solateria,941.06,1928.39,987.33,51.2,0.488,14830.78 ARS,19.99 USD,Nintendo Switch,1328,70010000122978,70010000122978
TRON: Catalyst,942.3,1928.39,986.08,51.1,0.489,14850.41 ARS,19.99 USD,Nintendo Switch,1739,70010000089255,70010000089255
Enter the Gungeon,463.14,1446.05,982.91,68.0,0.32,7299.00 ARS,14.99 USD,Nintendo Switch,675,70010000002862,70010000002862
Danganronpa S: Ultimate Summer Camp,946.18,1928.39,982.2,50.9,0.491,14911.55 ARS,19.99 USD,Nintendo Switch,1513,70010000037978,70010000037978
Human: Fall Flat,951.73,1928.39,976.66,50.6,0.494,14999.00 ARS,19.99 USD,Nintendo Switch,391,70010000001204,70010000001204
Alien: Isolation,951.73,1928.39,976.66,50.6,0.494,14999.00 ARS,19.99 USD,Nintendo Switch,525,70010000020818,70010000020818
Human Fall Flat - Nintendo Switch 2 Edition ,951.73,1928.39,976.66,50.6,0.494,14999.00 ARS,19.99 USD,Nintendo Switch 2,891,70010000122064,70010000122064
The Lara Croft Collection,951.73,1928.39,976.66,50.6,0.494,14999.00 ARS,19.99 USD,Nintendo Switch,1468,70010000055794,70010000055794
Cozy Caravan,951.79,1928.39,976.59,50.6,0.494,15000.00 ARS,19.99 USD,Nintendo Switch,242,70010000110315,70010000110315
World of Outlaws: Dirt Racing '23 Edition,951.79,1928.39,976.59,50.6,0.494,15000.00 ARS,19.99 USD,Nintendo Switch,835,70010000065951,70010000065951
Peglin,951.79,1928.39,976.59,50.6,0.494,14999.99 ARS,19.99 USD,Nintendo Switch,985,70010000079315,70010000079315
Shantae and the Pirate's Curse,951.79,1928.39,976.59,50.6,0.494,15000.00 ARS,19.99 USD,Nintendo Switch,1805,70010000008545,70010000008545
Neon Inferno,951.84,1928.39,976.55,50.6,0.494,15000.70 ARS,19.99 USD,Nintendo Switch,1429,70010000102470,70010000102470
Alien Hominid HD,184.01,1156.65,972.63,84.1,0.159,2900.00 ARS,11.99 USD,Nintendo Switch,1994,70010000059177,70010000059177
Trash Goblin,956.11,1928.39,972.28,50.4,0.496,15068.00 ARS,19.99 USD,Nintendo Switch,1086,70010000113069,70010000113069
Broforce,475.9,1446.05,970.15,67.1,0.329,7500.00 ARS,14.99 USD,Nintendo Switch,880,70010000011556,70010000011556
Spooky's Jump Scare Mansion: HD Renovation,8.25,963.71,955.46,99.1,0.009,129.99 ARS,9.99 USD,Nintendo Switch,1435,70010000058470,70010000058470
ARK: Dinosaur Discovery,9.01,963.71,954.7,99.1,0.009,142.00 ARS,9.99 USD,Nintendo Switch,1979,70010000058472,70010000058472
Dark Deity 2,614.54,1566.63,952.09,60.8,0.392,9685.00 ARS,16.24 USD,Nintendo Switch,1289,70010000098872,70010000098872
Lynked: Banner of the Spark – Nintendo Switch™ 2 Edition,494.87,1446.05,951.18,65.8,0.342,7799.00 ARS,14.99 USD,Nintendo Switch 2,1501,70010000104779,70010000104779
Mika and the Witch's Mountain,12.69,963.71,951.02,98.7,0.013,200.00 ARS,9.99 USD,Nintendo Switch,1783,70010000085683,70010000085683
Spirittea,14.28,963.71,949.43,98.5,0.015,224.99 ARS,9.99 USD,Nintendo Switch,1383,70010000053534,70010000053534
Mixtape,593.92,1542.52,948.6,61.5,0.385,9360.00 ARS,15.99 USD,Nintendo Switch 2,826,70010000113916,70010000113916
Rocket Car : Ultimate Ball League Machines,209.39,1156.65,947.25,81.9,0.181,3299.99 ARS,11.99 USD,Nintendo Switch,1961,70010000066919,70010000066919
Ultimate Chicken Horse,507.56,1446.05,938.49,64.9,0.351,7999.00 ARS,14.99 USD,Nintendo Switch,132,70010000002401,70010000002401
The GhostX : Sniper Simulator (Tactical Shooting & Eliminator),317.26,1253.11,935.85,74.7,0.253,4999.99 ARS,12.99 USD,Nintendo Switch,1716,70010000071552,70010000071552
Guns of Fury,526.66,1446.05,919.39,63.6,0.364,8300.00 ARS,14.99 USD,Nintendo Switch,1876,70010000091386,70010000091386
Axis Football 2023,44.42,963.71,919.29,95.4,0.046,700.00 ARS,9.99 USD,Nintendo Switch,501,70010000063446,70010000063446
Mad Father,48.54,963.71,915.17,95.0,0.05,765.00 ARS,9.99 USD,Nintendo Switch,1862,70010000035384,70010000035384
"Guns, Gore and Cannoli",63.45,963.71,900.26,93.4,0.066,999.99 ARS,9.99 USD,Nintendo Switch,1495,70010000003854,70010000003854
Car Wash – Cars & Trucks Garage Game for Toddlers & Kids,63.45,963.71,900.26,93.4,0.066,999.99 ARS,9.99 USD,Nintendo Switch,1535,70010000041994,70010000041994
Poker Champion: Texas Hold'em,63.45,963.71,900.26,93.4,0.066,999.99 ARS,9.99 USD,Nintendo Switch,1562,70010000043592,70010000043592
Blippo+ ,552.04,1446.05,894.01,61.8,0.382,8700.00 ARS,14.99 USD,Nintendo Switch,1374,70010000102032,70010000102032
The Mean Greens - Plastic Warfare,69.73,963.71,893.98,92.8,0.072,1099.00 ARS,9.99 USD,Nintendo Switch,681,70010000036028,70010000036028
Spelunky,70.37,963.71,893.34,92.7,0.073,1109.00 ARS,9.99 USD,Nintendo Switch,906,70010000036423,70010000036423
The Oregon Trail,263.33,1156.65,893.32,77.2,0.228,4149.99 ARS,11.99 USD,Nintendo Switch,753,70010000053725,70010000053725
LEGO® Voyagers,555.85,1446.05,890.2,61.6,0.384,8760.00 ARS,14.99 USD,Nintendo Switch 2,472,70010000105065,70010000105065
The Room Two,75.51,963.71,888.2,92.2,0.078,1190.00 ARS,9.99 USD,Nintendo Switch,1313,70010000050849,70010000050849
Star of Providence,564.73,1446.05,881.32,60.9,0.391,8900.00 ARS,14.99 USD,Nintendo Switch,1223,70010000071664,70010000071664
Overcooked! All You Can Eat,279.12,1156.65,877.52,75.9,0.241,4398.90 ARS,11.99 USD,Nintendo Switch,314,70010000029237,70010000029237
Strange Antiquities,858.98,1735.45,876.47,50.5,0.495,13537.30 ARS,17.99 USD,Nintendo Switch,361,70010000096148,70010000096148
Lil Gator Game,88.83,963.71,874.88,90.8,0.092,1400.00 ARS,9.99 USD,Nintendo Switch,1220,70010000048663,70010000048663
Soccer,90.27,963.71,873.45,90.6,0.094,1422.55 ARS,9.99 USD,Nintendo Switch,1937,70010000114579,70010000114579
Rubber Bandits,106.54,963.71,857.17,88.9,0.111,1679.00 ARS,9.99 USD,Nintendo Switch,785,70010000053648,70010000053648
Escape the Backrooms,399.75,1253.11,853.36,68.1,0.319,6300.00 ARS,12.99 USD,Nintendo Switch 2,261,70010000116714,70010000116714
Pikuniku,412.38,1253.11,840.73,67.1,0.329,6499.00 ARS,12.99 USD,Nintendo Switch,429,70010000002362,70010000002362
Angry Video Game Nerd I & II Deluxe,133.16,963.71,830.55,86.2,0.138,2098.59 ARS,9.99 USD,Nintendo Switch,1987,70010000031387,70010000031387
Mahjong,136.42,963.71,827.29,85.8,0.142,2150.00 ARS,9.99 USD,Nintendo Switch,1841,70010000013070,70010000013070
Super Meat Boy,634.47,1446.05,811.58,56.1,0.439,9999.00 ARS,14.99 USD,Nintendo Switch,897,70010000001990,70010000001990
Shogun Showdown,634.47,1446.05,811.58,56.1,0.439,9999.00 ARS,14.99 USD,Nintendo Switch,1630,70010000066862,70010000066862
Cauldron,634.53,1446.05,811.52,56.1,0.439,10000.00 ARS,14.99 USD,Nintendo Switch,1645,70010000106379,70010000106379
Lorelei and the Laser Eyes,396.55,1204.88,808.33,67.1,0.329,6249.50 ARS,12.49 USD,Nintendo Switch,1559,70010000054304,70010000054304
"Balloon Pop for Toddlers & Kids - Learn Numbers, Letters, Colors & Animals ",63.39,867.24,803.85,92.7,0.073,999.00 ARS,8.99 USD,Nintendo Switch,1627,70010000032054,70010000032054
Avatar The Last Airbender: Quest for Balance,177.67,963.71,786.04,81.6,0.184,2799.99 ARS,9.99 USD,Nintendo Switch,1426,70010000043029,70010000043029
BLADECHIMERA,666.19,1446.05,779.86,53.9,0.461,10499.00 ARS,14.99 USD,Nintendo Switch,1806,70010000072396,70010000072396
OFF,666.26,1446.05,779.79,53.9,0.461,10500.00 ARS,14.99 USD,Nintendo Switch,737,70010000066747,70010000066747
Poker Night at the Inventory,88.83,867.24,778.41,89.8,0.102,1400.00 ARS,8.99 USD,Nintendo Switch,327,70010000104056,70010000104056
Resident Evil 5,186.62,963.71,777.1,80.6,0.194,2941.00 ARS,9.99 USD,Nintendo Switch,178,70010000015876,70010000015876
Resident Evil 6,186.62,963.71,777.1,80.6,0.194,2941.00 ARS,9.99 USD,Nintendo Switch,184,70010000015880,70010000015880
Resident Evil,186.62,963.71,777.1,80.6,0.194,2941.00 ARS,9.99 USD,Nintendo Switch,246,70010000012854,70010000012854
resident evil 4,186.62,963.71,777.1,80.6,0.194,2941.00 ARS,9.99 USD,Nintendo Switch,264,70010000012858,70010000012858
Devil May Cry 3 Special Edition,186.62,963.71,777.1,80.6,0.194,2941.00 ARS,9.99 USD,Nintendo Switch,632,70010000017211,70010000017211
Resident Evil 0,186.62,963.71,777.1,80.6,0.194,2941.00 ARS,9.99 USD,Nintendo Switch,789,70010000012850,70010000012850
Devil May Cry,186.62,963.71,777.1,80.6,0.194,2941.00 ARS,9.99 USD,Nintendo Switch,984,70010000017205,70010000017205
Devil May Cry 2,186.62,963.71,777.1,80.6,0.194,2941.00 ARS,9.99 USD,Nintendo Switch,1972,70010000017206,70010000017206
Mega Man Zero/ZX Legacy Collection,186.62,963.71,777.09,80.6,0.194,2941.03 ARS,9.99 USD,Nintendo Switch,1394,70010000016862,70010000016862
Monster Hunter Generations Ultimate™,186.66,963.71,777.05,80.6,0.194,2941.75 ARS,9.99 USD,Nintendo Switch,535,70010000004642,70010000004642
LIMBO,441.63,1204.88,763.25,63.3,0.367,6960.00 ARS,12.49 USD,Nintendo Switch,980,70010000005802,70010000005802
Cast n Chill - Nintendo Switch™ 2 Edition,682.92,1446.05,763.13,52.8,0.472,10762.67 ARS,14.99 USD,Nintendo Switch 2,319,70010000112303,70010000112303
Cast n Chill,682.92,1446.05,763.13,52.8,0.472,10762.67 ARS,14.99 USD,Nintendo Switch,398,70010000105385,70010000105385
POOLS,198.29,944.42,746.13,79.0,0.21,3125.00 ARS,9.79 USD,Nintendo Switch,1119,70010000116990,70010000116990
Shotgun Farmers,221.85,963.71,741.86,77.0,0.23,3496.23 ARS,9.99 USD,Nintendo Switch,1453,70010000034215,70010000034215
THE KING OF FIGHTERS XIII GLOBAL MATCH,224.18,963.71,739.53,76.7,0.233,3533.08 ARS,9.99 USD,Nintendo Switch,1347,70010000062315,70010000062315
LUMINES REMASTERED,707.36,1446.05,738.69,51.1,0.489,11147.72 ARS,14.99 USD,Nintendo Switch,1525,70010000008146,70010000008146
Army of Ruin,39.34,770.78,731.44,94.9,0.051,620.00 ARS,7.99 USD,Nintendo Switch,1609,70010000067357,70010000067357
Arcade Archives VS. SUPER MARIO BROS.,40.61,770.78,730.17,94.7,0.053,640.00 ARS,7.99 USD,Nintendo Switch,51,70010000003432,70010000003432
Arcade Archives PAC-MAN,40.61,770.78,730.17,94.7,0.053,640.00 ARS,7.99 USD,Nintendo Switch,167,70010000043812,70010000043812
Arcade Archives DONKEY KONG,40.61,770.78,730.17,94.7,0.053,640.00 ARS,7.99 USD,Nintendo Switch,342,70010000010531,70010000010531
Arcade Archives GALAGA,40.61,770.78,730.17,94.7,0.053,640.00 ARS,7.99 USD,Nintendo Switch,373,70010000043851,70010000043851
Arcade Archives TETRIS® THE ABSOLUTE THE GRAND MASTER 2 PLUS,40.61,770.78,730.17,94.7,0.053,640.00 ARS,7.99 USD,Nintendo Switch,580,70010000062449,70010000062449
Arcade Archives BUBBLE BOBBLE,40.61,770.78,730.17,94.7,0.053,640.00 ARS,7.99 USD,Nintendo Switch,608,70010000061080,70010000061080
Arcade Archives Mario Bros.,40.61,770.78,730.17,94.7,0.053,640.00 ARS,7.99 USD,Nintendo Switch,620,70010000000917,70010000000917
Arcade Archives TETRIS® THE GRAND MASTER,40.61,770.78,730.17,94.7,0.053,640.00 ARS,7.99 USD,Nintendo Switch,659,70010000047787,70010000047787
Arcade Archives DIG DUG,40.61,770.78,730.17,94.7,0.053,640.00 ARS,7.99 USD,Nintendo Switch,752,70010000053743,70010000053743
Arcade Archives Burger Time,40.61,770.78,730.17,94.7,0.053,640.00 ARS,7.99 USD,Nintendo Switch,886,70010000031991,70010000031991
Arcade Archives SUPER PUNCH-OUT!!,40.61,770.78,730.17,94.7,0.053,640.00 ARS,7.99 USD,Nintendo Switch,899,70010000030308,70010000030308
Arcade Archives MAPPY,40.61,770.78,730.17,94.7,0.053,640.00 ARS,7.99 USD,Nintendo Switch,1215,70010000043846,70010000043846
Arcade Archives SUPER PAC-MAN,40.61,770.78,730.17,94.7,0.053,640.00 ARS,7.99 USD,Nintendo Switch,1231,70010000047558,70010000047558
Arcade Archives EXCITEBIKE,40.61,770.78,730.17,94.7,0.053,640.00 ARS,7.99 USD,Nintendo Switch,1479,70010000006251,70010000006251
Arcade Archives DOUBLE DRAGON,40.61,770.78,730.17,94.7,0.053,640.00 ARS,7.99 USD,Nintendo Switch,1639,70010000005082,70010000005082
Arcade Archives SPLATTER HOUSE,40.61,770.78,730.17,94.7,0.053,640.00 ARS,7.99 USD,Nintendo Switch,1673,70010000062971,70010000062971
Arcade Archives GALAGA'88,40.61,770.78,730.17,94.7,0.053,640.00 ARS,7.99 USD,Nintendo Switch,1946,70010000062966,70010000062966
Arcade Archives PAC-MANIA,40.61,770.78,730.17,94.7,0.053,640.00 ARS,7.99 USD,Nintendo Switch,1973,70010000055512,70010000055512
Super Bear Adventure,241.06,963.71,722.65,75.0,0.25,3799.00 ARS,9.99 USD,Nintendo Switch,424,70010000074664,70010000074664
Iron Lung,50.13,770.78,720.65,93.5,0.065,789.99 ARS,7.99 USD,Nintendo Switch,607,70010000060913,70010000060913
Hole io & Paper io 2,72.97,770.78,697.8,90.5,0.095,1150.00 ARS,7.99 USD,Nintendo Switch,1736,70070000021235,70070000021235
"I Have No Mouth, and I Must Scream",269.29,963.71,694.42,72.1,0.279,4244.00 ARS,9.99 USD,Nintendo Switch,1152,70010000090864,70010000090864
Easy Red 2,82.49,770.78,688.29,89.3,0.107,1299.99 ARS,7.99 USD,Nintendo Switch,615,70010000042016,70010000042016
FAIRY TAIL: DUNGEONS,666.19,1349.58,683.39,50.6,0.494,10499.00 ARS,13.99 USD,Nintendo Switch,1847,70010000095935,70010000095935
Coffee Talk Episode 2: Hibiscus & Butterfly,187.19,867.24,680.06,78.4,0.216,2950.00 ARS,8.99 USD,Nintendo Switch,1404,70010000057842,70010000057842
Scritchy Scratchy,0.28,674.31,674.02,100.0,0.0,4.49 ARS,6.99 USD,Nintendo Switch 2,1182,70010000132286,70010000132286
Modern Combat Blackout,107.81,770.78,662.97,86.0,0.14,1699.00 ARS,7.99 USD,Nintendo Switch,1335,70010000011362,70010000011362
Let's Build a Zoo,14.28,674.31,660.03,97.9,0.021,224.99 ARS,6.99 USD,Nintendo Switch,1444,70010000050794,70010000050794
Heave Ho,317.2,963.71,646.51,67.1,0.329,4999.00 ARS,9.99 USD,Nintendo Switch,389,70010000019634,70010000019634
Car Parking Multiplayer,80.59,722.54,641.96,88.8,0.112,1270.00 ARS,7.49 USD,Nintendo Switch,1273,70010000051009,70010000051009
Pizza Possum,34.9,674.31,639.41,94.8,0.052,550.00 ARS,6.99 USD,Nintendo Switch,1235,70010000065162,70010000065162
Echoes of the Plum Grove,333.13,963.71,630.58,65.4,0.346,5250.00 ARS,9.99 USD,Nintendo Switch,783,70010000088170,70010000088170
Camper Van: Make it Home,95.18,722.54,627.36,86.8,0.132,1500.00 ARS,7.49 USD,Nintendo Switch,383,70010000100366,70010000100366
Heave Ho + Heave Ho 2 Bundle,544.43,1156.65,612.22,52.9,0.471,8580.00 ARS,11.99 USD,Nintendo Switch,1771,70070000036671,70070000036671
SEGA AGES Sonic The Hedgehog,177.6,770.78,593.17,77.0,0.23,2799.00 ARS,7.99 USD,Nintendo Switch,372,70010000010209,70010000010209
Mega Man X Legacy Collection,177.67,770.78,593.11,76.9,0.231,2799.99 ARS,7.99 USD,Nintendo Switch,567,70010000003967,70010000003967
Mega Man X Legacy Collection 2,177.67,770.78,593.11,76.9,0.231,2799.99 ARS,7.99 USD,Nintendo Switch,598,70010000003971,70010000003971
Content Warning,374.37,963.71,589.34,61.2,0.388,5900.00 ARS,9.99 USD,Nintendo Switch,340,70010000118552,70010000118552
Content Warning,374.37,963.71,589.34,61.2,0.388,5900.00 ARS,9.99 USD,Nintendo Switch 2,409,70010000110768,70010000110768
Arcade Archives VS. BATTLE CITY,184.01,770.78,586.76,76.1,0.239,2900.00 ARS,7.99 USD,Nintendo Switch,1268,70010000087162,70010000087162
PICO PARK 2,285.47,867.24,581.77,67.1,0.329,4499.00 ARS,8.99 USD,Nintendo Switch,123,70010000077279,70010000077279
Is This Seat Taken?,399.12,963.71,564.59,58.6,0.414,6290.00 ARS,9.99 USD,Nintendo Switch,86,70010000100805,70010000100805
Digimon Story Cyber Sleuth: Complete Edition,406.09,963.71,557.62,57.9,0.421,6399.80 ARS,9.99 USD,Nintendo Switch,756,70010000021089,70010000021089
Little Nightmares II,402.02,954.06,552.05,57.9,0.421,6335.67 ARS,9.89 USD,Nintendo Switch,593,70010000021688,70010000021688
Townscaper,30.14,577.84,547.7,94.8,0.052,475.00 ARS,5.99 USD,Nintendo Switch,954,70010000038517,70010000038517
The Past Within,30.14,577.84,547.7,94.8,0.052,475.00 ARS,5.99 USD,Nintendo Switch,1035,70010000048419,70010000048419
Pirates: All Aboard!,38.07,577.84,539.77,93.4,0.066,599.99 ARS,5.99 USD,Nintendo Switch,187,70010000006662,70010000006662
Terra Nil,280.46,819.01,538.55,65.8,0.342,4420.00 ARS,8.49 USD,Nintendo Switch,1708,70010000072943,70010000072943
Nun Massacre,40.86,577.84,536.98,92.9,0.071,643.99 ARS,5.99 USD,Nintendo Switch,1817,70010000048936,70010000048936
DRAGON BALL FighterZ,389.84,925.12,535.28,57.9,0.421,6143.84 ARS,9.59 USD,Nintendo Switch,1652,70010000006225,70010000006225
Hidden in Plain Sight,48.66,577.84,529.19,91.6,0.084,766.80 ARS,5.99 USD,Nintendo Switch,1055,70010000028289,70010000028289
ASSASSIN’S CREED® THE EZIO COLLECTION,247.4,770.78,523.37,67.9,0.321,3899.00 ARS,7.99 USD,Nintendo Switch,175,70010000038691,70010000038691
Leafy Corner,444.11,963.71,519.6,53.9,0.461,6999.00 ARS,9.99 USD,Nintendo Switch,543,70010000117352,70010000117352
WINGSPAN,444.14,963.71,519.57,53.9,0.461,6999.50 ARS,9.99 USD,Nintendo Switch,775,70010000028355,70010000028355
DOOM + DOOM II,450.45,963.71,513.26,53.3,0.467,7099.00 ARS,9.99 USD,Nintendo Switch,459,70010000078053,70010000078053
Quake II,450.45,963.71,513.26,53.3,0.467,7099.00 ARS,9.99 USD,Nintendo Switch,1601,70010000058388,70010000058388
QUAKE,450.45,963.71,513.26,53.3,0.467,7099.00 ARS,9.99 USD,Nintendo Switch,1878,70010000034060,70010000034060
A Dance of Fire and Ice,450.52,963.71,513.19,53.3,0.467,7100.00 ARS,9.99 USD,Nintendo Switch,1037,70010000089145,70010000089145
Cat Quest III,279.19,770.78,491.58,63.8,0.362,4400.00 ARS,7.99 USD,Nintendo Switch,945,70010000067865,70010000067865
Super Bunny Man,380.68,867.24,486.56,56.1,0.439,5999.40 ARS,8.99 USD,Nintendo Switch,1271,70010000075278,70010000075278
ROUNDS,336.3,819.01,482.71,58.9,0.411,5300.00 ARS,8.49 USD,Nintendo Switch,431,70010000090930,70010000090930
Ravenous Devils,4.31,481.37,477.06,99.1,0.009,67.99 ARS,4.99 USD,Nintendo Switch,1029,70010000050808,70010000050808
Supermarket Simulator Store,4.71,481.37,476.66,99.0,0.01,74.27 ARS,4.99 USD,Nintendo Switch,583,70010000102079,70010000102079
Vampire Survivors,18.97,481.37,462.4,96.1,0.039,299.00 ARS,4.99 USD,Nintendo Switch,104,70010000059002,70010000059002
Super Meat Boy Forever,26.02,481.37,455.36,94.6,0.054,410.00 ARS,4.99 USD,Nintendo Switch,1100,70010000017523,70010000017523
Among Us,28.55,482.34,453.78,94.1,0.059,450.00 ARS,5.00 USD,Nintendo Switch,35,70010000036098,70010000036098
Castlevania Advance Collection,126.27,577.84,451.57,78.1,0.219,1990.00 ARS,5.99 USD,Nintendo Switch,1080,70010000044378,70010000044378
Brotato,31.73,481.37,449.65,93.4,0.066,499.99 ARS,4.99 USD,Nintendo Switch,251,70010000062161,70010000062161
Brotato - Nintendo Switch™ 2 Edition,31.73,481.37,449.65,93.4,0.066,499.99 ARS,4.99 USD,Nintendo Switch 2,370,70010000113035,70010000113035
Retro Bowl,34.9,481.37,446.47,92.8,0.072,550.00 ARS,4.99 USD,Nintendo Switch,168,70010000048336,70010000048336
Retro Goal,34.9,481.37,446.47,92.8,0.072,550.00 ARS,4.99 USD,Nintendo Switch,1303,70010000052592,70010000052592
Ni no Kuni: Wrath of the White Witch,324.87,770.78,445.91,57.9,0.421,5119.84 ARS,7.99 USD,Nintendo Switch,1523,70010000016904,70010000016904
Paper io 2,44.35,481.37,437.02,90.8,0.092,699.00 ARS,4.99 USD,Nintendo Switch,696,70010000068359,70010000068359
Hole io,44.35,481.37,437.02,90.8,0.092,699.00 ARS,4.99 USD,Nintendo Switch,718,70010000069917,70010000069917
Give me toilet paper!,54.82,482.34,427.51,88.6,0.114,864.00 ARS,5.00 USD,Nintendo Switch,1918,70010000063524,70010000063524
20 Minutes Till Dawn,76.14,481.37,405.23,84.2,0.158,1200.00 ARS,4.99 USD,Nintendo Switch,1401,70010000061072,70010000061072
Cat Cafe Manager,177.67,577.84,400.17,69.3,0.307,2799.99 ARS,5.99 USD,Nintendo Switch,1240,70010000040812,70010000040812
Mail Time,177.67,577.84,400.17,69.3,0.307,2799.99 ARS,5.99 USD,Nintendo Switch,1476,70010000045299,70010000045299
Golf With Your Friends,81.79,481.37,399.58,83.0,0.17,1289.00 ARS,4.99 USD,Nintendo Switch,1198,70010000021379,70010000021379
Train Ride Simulator,83.12,481.37,398.25,82.7,0.173,1310.00 ARS,4.99 USD,Nintendo Switch,1933,70010000054089,70010000054089
Celeste,88.83,481.37,392.54,81.5,0.185,1400.00 ARS,4.99 USD,Nintendo Switch,450,70010000006442,70010000006442
Henry Halfhead,237.63,626.07,388.44,62.0,0.38,3745.00 ARS,6.49 USD,Nintendo Switch,1585,70010000067409,70010000067409
Hogwarts Legacy,209.39,577.84,368.45,63.8,0.362,3299.90 ARS,5.99 USD,Nintendo Switch,360,70010000014724,70010000014724
Poppy Playtime: Chapter 1,113.29,481.37,368.08,76.5,0.235,1785.49 ARS,4.99 USD,Nintendo Switch,578,70010000075091,70010000075091
The Boba Teashop,126.84,481.37,354.53,73.6,0.264,1999.00 ARS,4.99 USD,Nintendo Switch,1628,70010000116676,70010000116676
Only Way Up! Parkour Jump Simulator,126.91,481.37,354.47,73.6,0.264,1999.99 ARS,4.99 USD,Nintendo Switch,1922,70010000073154,70010000073154
UNO®,57.04,384.91,327.86,85.2,0.148,899.00 ARS,3.99 USD,Nintendo Switch,241,70010000034088,70010000034088
Castlevania Anniversary Collection,57.04,384.91,327.86,85.2,0.148,899.00 ARS,3.99 USD,Nintendo Switch,832,70010000017486,70010000017486
Mario + Rabbids® Kingdom Battle,253.81,577.84,324.03,56.1,0.439,4000.00 ARS,5.99 USD,Nintendo Switch,72,70010000000819,70010000000819
Moving Out,174.43,481.37,306.95,63.8,0.362,2748.90 ARS,4.99 USD,Nintendo Switch,1249,70010000020400,70010000020400
LEGO® CITY Undercover,126.84,433.14,306.3,70.7,0.293,1999.00 ARS,4.49 USD,Nintendo Switch,341,70010000000187,70010000000187
What Remains of Edith Finch,177.67,481.37,303.71,63.1,0.369,2799.99 ARS,4.99 USD,Nintendo Switch,586,70010000019333,70010000019333
Monster Hunter Rise,177.67,481.37,303.71,63.1,0.369,2799.99 ARS,4.99 USD,Nintendo Switch,953,70010000029016,70010000029016
Dragon's Dogma: Dark Arisen,177.67,481.37,303.71,63.1,0.369,2799.99 ARS,4.99 USD,Nintendo Switch,1057,70010000009788,70010000009788
Coromon,177.67,481.37,303.71,63.1,0.369,2799.99 ARS,4.99 USD,Nintendo Switch,1581,70010000038334,70010000038334
Bramble: The Mountain King,130.52,433.14,302.62,69.9,0.301,2057.00 ARS,4.49 USD,Nintendo Switch,1636,70010000051585,70010000051585
Darkwood,63.39,360.79,297.4,82.4,0.176,999.00 ARS,3.74 USD,Nintendo Switch,1631,70010000011740,70010000011740
Girl Dress Up Classic,88.82,384.91,296.08,76.9,0.231,1399.81 ARS,3.99 USD,Nintendo Switch,1935,70010000074422,70010000074422
Monster Truck Freestyle,95.18,384.91,289.73,75.3,0.247,1499.99 ARS,3.99 USD,Nintendo Switch,1184,70010000075476,70010000075476
The Exit 8 Nintendo Switch™ 2 Edition,196.7,481.37,284.67,59.1,0.409,3100.00 ARS,4.99 USD,Nintendo Switch 2,479,70010000104372,70010000104372
Suika Game Planet,83.0,361.75,278.76,77.1,0.229,1308.00 ARS,3.75 USD,Nintendo Switch 2,204,70010000104126,70010000104126
Cookie Clicker,209.39,481.37,271.98,56.5,0.435,3300.00 ARS,4.99 USD,Nintendo Switch,235,70010000066299,70010000066299
Degrees of Separation,18.34,288.44,270.1,93.6,0.064,289.00 ARS,2.99 USD,Nintendo Switch,1369,70010000012282,70010000012282
Super Kiwi 64,28.55,288.44,259.88,90.1,0.099,449.99 ARS,2.99 USD,Nintendo Switch,1905,70010000061087,70010000061087
and Roger,222.02,481.37,259.35,53.9,0.461,3499.00 ARS,4.99 USD,Nintendo Switch,979,70010000096192,70010000096192
Cat Quest II,104.63,360.79,256.16,71.0,0.29,1648.90 ARS,3.74 USD,Nintendo Switch,1115,70010000021013,70010000021013
Ice Station Z,34.9,288.44,253.54,87.9,0.121,550.00 ARS,2.99 USD,Nintendo Switch,1605,70010000039386,70010000039386
The Exit 8,133.25,384.91,251.65,65.4,0.346,2100.00 ARS,3.99 USD,Nintendo Switch,533,70010000079118,70010000079118
Platform 8,133.25,384.91,251.65,65.4,0.346,2100.00 ARS,3.99 USD,Nintendo Switch,1318,70010000085172,70010000085172
Serious Sam Collection,133.25,384.91,251.65,65.4,0.346,2100.00 ARS,3.99 USD,Nintendo Switch,1993,70010000016895,70010000016895
Street Drag Racing Car Driving Simulator 2022 Games,57.11,288.44,231.33,80.2,0.198,899.99 ARS,2.99 USD,Nintendo Switch,990,70010000053344,70010000053344
Midnight Drifter-Drift Racing Car Racing Driving Simulator 2023 Speed Games,63.45,288.44,224.99,78.0,0.22,999.99 ARS,2.99 USD,Nintendo Switch,634,70010000055608,70010000055608
Suika Game,66.37,288.44,222.07,77.0,0.23,1046.00 ARS,2.99 USD,Nintendo Switch,126,70010000074332,70010000074332
Suika Game Planet,66.37,288.44,222.07,77.0,0.23,1046.00 ARS,2.99 USD,Nintendo Switch,475,70010000101753,70010000101753
Cat Quest,90.67,312.55,221.89,71.0,0.29,1428.90 ARS,3.24 USD,Nintendo Switch,1575,70010000002542,70010000002542
LEGO® Jurassic World,164.91,384.91,219.99,57.2,0.428,2599.00 ARS,3.99 USD,Nintendo Switch,541,70010000020489,70010000020489
Scribblenauts Mega Pack,164.91,384.91,219.99,57.2,0.428,2599.00 ARS,3.99 USD,Nintendo Switch,1502,70010000010817,70010000010817
"Mudness Offroad Car Simulator - 4x4 Racing Games Driving, Parking, Battle, Tuning 2022 SIM Kart",107.87,308.7,200.83,65.1,0.349,1699.99 ARS,3.20 USD,Nintendo Switch,1134,70010000052422,70010000052422
"Real Truck Simulator USA Car Games - Driving Games, Parking Sim, Car Speed Racing 2022",88.83,288.44,199.6,69.2,0.308,1399.99 ARS,2.99 USD,Nintendo Switch,1890,70010000055281,70010000055281
Princess Dress Up,190.36,384.91,194.55,50.5,0.495,3000.00 ARS,3.99 USD,Nintendo Switch,1283,70010000079665,70010000079665
Downwell,107.81,288.44,180.63,62.6,0.374,1699.00 ARS,2.99 USD,Nintendo Switch,1074,70010000014738,70010000014738
Clock Maker : My Clock - ver. digital (with timer),6.35,96.47,90.12,93.4,0.066,100.00 ARS,1.00 USD,Nintendo Switch,1957,70010000057548,70010000057548
High Cars,6.28,95.5,89.22,93.4,0.066,99.00 ARS,0.99 USD,Nintendo Switch,1794,70010000073002,70010000073002
Toree 3D,6.34,95.5,89.16,93.4,0.066,99.99 ARS,0.99 USD,Nintendo Switch,1008,70010000039421,70010000039421
Toree 2,6.98,95.5,88.52,92.7,0.073,109.99 ARS,0.99 USD,Nintendo Switch,1272,70010000046255,70010000046255
The Rusty Sword: Vanguard Island,10.01,95.5,85.49,89.5,0.105,157.75 ARS,0.99 USD,Nintendo Switch,1613,70010000053212,70010000053212
Cabin Escape: Alice's Story,12.69,95.5,82.81,86.7,0.133,200.00 ARS,0.99 USD,Nintendo Switch,1687,70010000066018,70010000066018
Escape Lala - Retro Point and Click Adventure,6.28,86.82,80.54,92.8,0.072,99.00 ARS,0.90 USD,Nintendo Switch,1843,70010000039809,70010000039809
LiartaniumOS - Operating System,17.12,95.5,78.39,82.1,0.179,269.74 ARS,0.99 USD,Nintendo Switch,1144,70010000069635,70010000069635
Hentai Office Enigma,44.42,95.5,51.09,53.5,0.465,699.99 ARS,0.99 USD,Nintendo Switch,1145,70010000115792,70010000115792
Rô,0.95,48.23,47.29,98.0,0.02,14.90 ARS,0.50 USD,Nintendo Switch,872,70010000063335,70010000063335
