title,BR_INR,US_INR,saving_INR,discount_pct,ratio,BR_price,US_price,platform,popularity_rank,BR_nsuid,US_nsuid
HITMAN World of Assassination - Signature Edition,2989.54,5781.39,2791.85,48.3,0.517,162.00 BRL,59.99 USD,Nintendo Switch 2,351,70010000095780,70010000095780
"Warhammer 40,000: Rogue Trader",2306.56,4817.66,2511.11,52.1,0.479,124.99 BRL,49.99 USD,Nintendo Switch 2,711,70010000099778,70010000099778
Cities: Skylines - Nintendo Switch™ Edition,1393.09,3853.94,2460.85,63.9,0.361,75.49 BRL,39.99 USD,Nintendo Switch,502,70010000011966,70010000011966
Mortal Kombat: Legacy Kollection,2491.1,4817.66,2326.57,48.3,0.517,134.99 BRL,49.99 USD,Nintendo Switch 2,259,70010000098412,70010000098412
Mortal Kombat: Legacy Kollection,2491.1,4817.66,2326.57,48.3,0.517,134.99 BRL,49.99 USD,Nintendo Switch,367,70010000094535,70010000094535
Sunderfolk,2491.1,4817.66,2326.57,48.3,0.517,134.99 BRL,49.99 USD,Nintendo Switch,1049,70010000082102,70010000082102
Cardfight!! Vanguard Dear Days 2,2441.27,4721.29,2280.02,48.3,0.517,132.29 BRL,48.99 USD,Nintendo Switch,1491,70010000075483,70010000075483
Lies of P: Complete Edition,4611.64,6745.12,2133.48,31.6,0.684,249.90 BRL,69.99 USD,Nintendo Switch 2,278,70010000103577,70010000103577
The Witcher 3: Wild Hunt — Complete Edition,3672.33,5781.39,2109.06,36.5,0.635,199.00 BRL,59.99 USD,Nintendo Switch,391,70010000020983,70010000020983
Diablo III: Eternal Collection,3672.33,5781.39,2109.06,36.5,0.635,199.00 BRL,59.99 USD,Nintendo Switch,405,70010000012305,70010000012305
The Witcher 3: Wild Hunt — Remastered,3672.33,5781.39,2109.06,36.5,0.635,199.00 BRL,59.99 USD,Nintendo Switch 2,561,70010000128692,70010000128692
Fast & Furious: Arcade Edition,904.24,2890.21,1985.97,68.7,0.313,49.00 BRL,29.99 USD,Nintendo Switch,1435,70010000095654,70010000095654
BEYBLADE X EVOBATTLE Nintendo Switch 2 Edition,2092.68,4046.68,1954.01,48.3,0.517,113.40 BRL,41.99 USD,Nintendo Switch 2,1514,70010000112340,70010000112340
Bluey's Quest For The Gold Pen,1992.84,3853.94,1861.1,48.3,0.517,107.99 BRL,39.99 USD,Nintendo Switch,327,70010000112640,70010000112640
Bluey's Quest For The Gold Pen,1992.84,3853.94,1861.1,48.3,0.517,107.99 BRL,39.99 USD,Nintendo Switch 2,465,70010000116182,70010000116182
Carmageddon: Rogue Shift,1992.84,3853.94,1861.1,48.3,0.517,107.99 BRL,39.99 USD,Nintendo Switch 2,1288,70010000103271,70010000103271
Bomb Rush Cyberfunk,1992.84,3853.94,1861.1,48.3,0.517,107.99 BRL,39.99 USD,Nintendo Switch,1457,70010000040228,70010000040228
Skater XL,1992.84,3853.94,1861.1,48.3,0.517,107.99 BRL,39.99 USD,Nintendo Switch,1518,70010000022173,70010000022173
Wartales,1992.84,3853.94,1861.1,48.3,0.517,107.99 BRL,39.99 USD,Nintendo Switch,1904,70010000066200,70010000066200
Horse Tales: Emerald Valley Ranch ,1992.84,3853.94,1861.1,48.3,0.517,107.99 BRL,39.99 USD,Nintendo Switch,1933,70010000037221,70010000037221
Mortal Shell: Complete Edition,1051.69,2890.21,1838.52,63.6,0.364,56.99 BRL,29.99 USD,Nintendo Switch,1797,70010000059735,70010000059735
Spiritfarer,1070.14,2890.21,1820.07,63.0,0.37,57.99 BRL,29.99 USD,Nintendo Switch,233,70010000020667,70010000020667
OMORI,1070.14,2890.21,1820.07,63.0,0.37,57.99 BRL,29.99 USD,Nintendo Switch,248,70010000051039,70010000051039
Kingdoms of Amalur: Re-Reckoning,2075.14,3853.94,1778.79,46.2,0.538,112.45 BRL,39.99 USD,Nintendo Switch,821,70010000035967,70010000035967
Monster Jam Steel Titans 2,2075.14,3853.94,1778.79,46.2,0.538,112.45 BRL,39.99 USD,Nintendo Switch,867,70010000034703,70010000034703
Another Eden Begins Nintendo Switch 2 Edition,2583.37,4335.8,1752.44,40.4,0.596,139.99 BRL,44.99 USD,Nintendo Switch 2,1167,70010000128636,70010000128636
Grand Mountain Adventure: Ski and Snowboard Wonderlands ,1660.67,3372.08,1711.41,50.8,0.492,89.99 BRL,34.99 USD,Nintendo Switch,1654,70010000048796,70010000048796
Cinnabunny,775.06,2408.35,1633.29,67.8,0.322,42.00 BRL,24.99 USD,Nintendo Switch,1652,70010000096994,70010000096994
BEYBLADE X EVOBATTLE,1743.71,3372.08,1628.36,48.3,0.517,94.49 BRL,34.99 USD,Nintendo Switch,1097,70010000094028,70010000094028
Fabledom,811.79,2408.35,1596.56,66.3,0.337,43.99 BRL,24.99 USD,Nintendo Switch,959,70010000078471,70010000078471
Caravan SandWitch,811.79,2408.35,1596.56,66.3,0.337,43.99 BRL,24.99 USD,Nintendo Switch,1938,70010000079061,70010000079061
Darkest Dungeon,848.7,2408.35,1559.65,64.8,0.352,45.99 BRL,24.99 USD,Nintendo Switch,1463,70010000004705,70010000004705
Wylde Flowers,876.38,2408.35,1531.97,63.6,0.364,47.49 BRL,24.99 USD,Nintendo Switch,230,70010000053184,70010000053184
Sea of Stars,1845.21,3372.08,1526.87,45.3,0.547,99.99 BRL,34.99 USD,Nintendo Switch,434,70010000046189,70010000046189
Sea of Stars,1845.21,3372.08,1526.87,45.3,0.547,99.99 BRL,34.99 USD,Nintendo Switch 2,631,70010000124568,70010000124568
Chained Echoes,885.6,2408.35,1522.75,63.2,0.368,47.99 BRL,24.99 USD,Nintendo Switch,813,70010000046426,70010000046426
Sports Challenge: 65 Games Edition,1007.4,2504.72,1497.32,59.8,0.402,54.59 BRL,25.99 USD,Nintendo Switch,1582,70070000031275,70070000031275
Mighty Morphin Power Rangers: Rita's Rewind,1882.12,3372.08,1489.96,44.2,0.558,101.99 BRL,34.99 USD,Nintendo Switch,1094,70010000069877,70010000069877
Tetris® Forever,1882.12,3372.08,1489.96,44.2,0.558,101.99 BRL,34.99 USD,Nintendo Switch,1352,70010000085242,70010000085242
Ys vs. Trails in the Sky: Alternative Saga,1891.53,3372.08,1480.55,43.9,0.561,102.50 BRL,34.99 USD,Nintendo Switch,1577,70010000082393,70010000082393
Mewgenics,2399.01,3853.94,1454.93,37.8,0.622,130.00 BRL,39.99 USD,Nintendo Switch 2,291,70010000126905,70010000126905
South Park™: The Stick of Truth™,1457.86,2890.21,1432.35,49.6,0.504,79.00 BRL,29.99 USD,Nintendo Switch,396,70010000011252,70010000011252
STARSEEKER: Astroneer Expeditions,1476.13,2890.21,1414.08,48.9,0.511,79.99 BRL,29.99 USD,Nintendo Switch 2,1246,70010000103278,70010000103278
SpongeBob SquarePants: Battle for Bikini Bottom - Rehydrated,1567.66,2890.21,1322.55,45.8,0.542,84.95 BRL,29.99 USD,Nintendo Switch,280,70010000027153,70010000027153
Duskfade,1567.66,2890.21,1322.55,45.8,0.542,84.95 BRL,29.99 USD,Nintendo Switch 2,491,70010000128350,70010000128350
Bus Driving Simulator 24 - City Roads,1088.78,2408.35,1319.57,54.8,0.452,59.00 BRL,24.99 USD,Nintendo Switch,1745,70010000075152,70010000075152
Astral Ascent,1107.05,2408.35,1301.3,54.0,0.46,59.99 BRL,24.99 USD,Nintendo Switch,1798,70010000068938,70010000068938
Go-Go Town! – Nintendo Switch 2 Edition,1882.12,3179.33,1297.21,40.8,0.592,101.99 BRL,32.99 USD,Nintendo Switch 2,581,70010000128076,70010000128076
Outlast: Bundle of Terror,645.89,1926.49,1280.6,66.5,0.335,35.00 BRL,19.99 USD,Nintendo Switch,629,70010000003642,70010000003642
Life is Strange 2,1808.48,3082.96,1274.47,41.3,0.587,98.00 BRL,31.99 USD,Nintendo Switch,1027,70010000029410,70010000029410
STORY OF SEASONS: A Wonderful Life,2583.37,3853.94,1270.57,33.0,0.67,139.99 BRL,39.99 USD,Nintendo Switch,630,70010000057443,70010000057443
Rune Factory 5,2583.37,3853.94,1270.57,33.0,0.67,139.99 BRL,39.99 USD,Nintendo Switch,1497,70010000034769,70010000034769
Deadzone: Rogue,1153.19,2408.35,1255.16,52.1,0.479,62.49 BRL,24.99 USD,Nintendo Switch 2,523,70010000104247,70010000104247
MOUSE: P.I. For Hire,1642.21,2890.21,1248.0,43.2,0.568,88.99 BRL,29.99 USD,Nintendo Switch 2,53,70010000101091,70010000101091
The Jackbox Party Pack 11,1642.21,2890.21,1248.0,43.2,0.568,88.99 BRL,29.99 USD,Nintendo Switch,103,70010000092964,70010000092964
Dispatch,1642.21,2890.21,1248.0,43.2,0.568,88.99 BRL,29.99 USD,Nintendo Switch,195,70010000105331,70010000105331
Dispatch Nintendo Switch 2 Edition,1642.21,2890.21,1248.0,43.2,0.568,88.99 BRL,29.99 USD,Nintendo Switch 2,216,70010000110051,70010000110051
Caves of Qud,1642.21,2890.21,1248.0,43.2,0.568,88.99 BRL,29.99 USD,Nintendo Switch,400,70010000102262,70010000102262
Moonlighter 2: The Endless Vault,1642.21,2890.21,1248.0,43.2,0.568,88.99 BRL,29.99 USD,Nintendo Switch 2,466,70010000118041,70010000118041
Rotwood,1642.21,2890.21,1248.0,43.2,0.568,88.99 BRL,29.99 USD,Nintendo Switch 2,486,70010000099153,70010000099153
The Jackbox Party Pack 10,1642.21,2890.21,1248.0,43.2,0.568,88.99 BRL,29.99 USD,Nintendo Switch,664,70010000066983,70010000066983
ASTRONEER,1642.21,2890.21,1248.0,43.2,0.568,88.99 BRL,29.99 USD,Nintendo Switch,740,70010000037336,70010000037336
Go-Go Town!,1642.21,2890.21,1248.0,43.2,0.568,88.99 BRL,29.99 USD,Nintendo Switch,791,70010000066160,70010000066160
The Wandering Village,1642.21,2890.21,1248.0,43.2,0.568,88.99 BRL,29.99 USD,Nintendo Switch,973,70010000082515,70010000082515
The Midnight Walk,1642.21,2890.21,1248.0,43.2,0.568,88.99 BRL,29.99 USD,Nintendo Switch 2,1067,70010000110855,70010000110855
Fate/stay night REMASTERED,1642.21,2890.21,1248.0,43.2,0.568,88.99 BRL,29.99 USD,Nintendo Switch,1186,70010000077806,70010000077806
Potion Permit - Complete Edition,1642.21,2890.21,1248.0,43.2,0.568,88.99 BRL,29.99 USD,Nintendo Switch,1329,70010000077562,70010000077562
The Talos Principle: Deluxe Edition,1642.21,2890.21,1248.0,43.2,0.568,88.99 BRL,29.99 USD,Nintendo Switch,1905,70010000016897,70010000016897
Valheim,1660.67,2890.21,1229.54,42.5,0.575,89.99 BRL,29.99 USD,Nintendo Switch 2,220,70010000098088,70010000098088
Dread Delusion,701.06,1926.49,1225.42,63.6,0.364,37.99 BRL,19.99 USD,Nintendo Switch 2,900,70010000119094,70010000119094
Kingdom Rush Vengeance,701.06,1926.49,1225.42,63.6,0.364,37.99 BRL,19.99 USD,Nintendo Switch,1465,70010000089259,70010000089259
XENOTILT: HOSTILE PINBALL ACTION,701.06,1926.49,1225.42,63.6,0.364,37.99 BRL,19.99 USD,Nintendo Switch,1666,70010000062136,70010000062136
The Darkest Files,701.06,1926.49,1225.42,63.6,0.364,37.99 BRL,19.99 USD,Nintendo Switch,1716,70010000120252,70010000120252
Heavenly Bodies,701.06,1926.49,1225.42,63.6,0.364,37.99 BRL,19.99 USD,Nintendo Switch,1826,70010000073611,70010000073611
Everafter Falls,701.06,1926.49,1225.42,63.6,0.364,37.99 BRL,19.99 USD,Nintendo Switch,2000,70010000074607,70010000074607
Lake,712.14,1926.49,1214.35,63.0,0.37,38.59 BRL,19.99 USD,Nintendo Switch,632,70010000042321,70010000042321
Botany Manor,1198.58,2408.35,1209.77,50.2,0.498,64.95 BRL,24.99 USD,Nintendo Switch,1126,70010000060342,70010000060342
Shovel Knight Dig,1198.58,2408.35,1209.77,50.2,0.498,64.95 BRL,24.99 USD,Nintendo Switch,1727,70010000051927,70010000051927
Wheel of Fortune®,718.78,1926.49,1207.71,62.7,0.373,38.95 BRL,19.99 USD,Nintendo Switch,286,70010000010066,70010000010066
Jeopardy!®,719.7,1926.49,1206.78,62.6,0.374,39.00 BRL,19.99 USD,Nintendo Switch,374,70010000010091,70010000010091
Have A Nice Death,1217.77,2408.35,1190.58,49.4,0.506,65.99 BRL,24.99 USD,Nintendo Switch,1359,70010000059877,70010000059877
Pizza Tower,736.31,1926.49,1190.18,61.8,0.382,39.90 BRL,19.99 USD,Nintendo Switch,251,70010000074087,70010000074087
ANTONBLAST,736.31,1926.49,1190.18,61.8,0.382,39.90 BRL,19.99 USD,Nintendo Switch,1095,70010000078618,70010000078618
Escape from Ever After,1236.23,2408.35,1172.12,48.7,0.513,66.99 BRL,24.99 USD,Nintendo Switch,640,70010000107815,70010000107815
My Universe - PET CLINIC CATS & DOGS,1236.23,2408.35,1172.12,48.7,0.513,66.99 BRL,24.99 USD,Nintendo Switch,1194,70010000032749,70010000032749
Gear.Club Unlimited 2,1236.23,2408.35,1172.12,48.7,0.513,66.99 BRL,24.99 USD,Nintendo Switch,1419,70010000010448,70010000010448
Five Nights at Freddy's: Security Breach,2694.09,3853.94,1159.85,30.1,0.699,145.99 BRL,39.99 USD,Nintendo Switch,164,70010000057819,70010000057819
Five Nights at Freddy's: Secret of the Mimic,2694.09,3853.94,1159.85,30.1,0.699,145.99 BRL,39.99 USD,Nintendo Switch,253,70010000109683,70010000109683
Five Nights at Freddy's: Help Wanted 2,2694.09,3853.94,1159.85,30.1,0.699,145.99 BRL,39.99 USD,Nintendo Switch,735,70010000082638,70010000082638
ASTLIBRA Revision,1254.87,2408.35,1153.48,47.9,0.521,68.00 BRL,24.99 USD,Nintendo Switch,1947,70010000061304,70010000061304
Scott Pilgrim EX,1642.21,2793.84,1151.63,41.2,0.588,88.99 BRL,28.99 USD,Nintendo Switch 2,285,70010000110271,70010000110271
Scott Pilgrim EX,1642.21,2793.84,1151.63,41.2,0.588,88.99 BRL,28.99 USD,Nintendo Switch,509,70010000093466,70010000093466
Solarpunk,1107.05,2215.61,1108.55,50.0,0.5,59.99 BRL,22.99 USD,Nintendo Switch 2,677,70010000118060,70010000118060
Elementallis,645.7,1733.74,1088.04,62.8,0.372,34.99 BRL,17.99 USD,Nintendo Switch,1085,70010000116381,70010000116381
Farm Together 2,1420.77,2504.72,1083.96,43.3,0.567,76.99 BRL,25.99 USD,Nintendo Switch,429,70010000072468,70010000072468
Minecraft,1826.94,2890.21,1063.27,36.8,0.632,99.00 BRL,29.99 USD,Nintendo Switch,7,70010000000964,70010000000964
Sun Haven,1826.94,2890.21,1063.27,36.8,0.632,99.00 BRL,29.99 USD,Nintendo Switch,402,70010000073883,70010000073883
INSIDE,1346.95,2408.35,1061.4,44.1,0.559,72.99 BRL,24.99 USD,Nintendo Switch,874,70010000005804,70010000005804
Alan Wake Remastered,1836.17,2890.21,1054.05,36.5,0.635,99.50 BRL,29.99 USD,Nintendo Switch,1121,70010000050844,70010000050844
Wobbly Life - Nintendo Switch™  2 Edition,1845.21,2890.21,1045.01,36.2,0.638,99.99 BRL,29.99 USD,Nintendo Switch 2,1043,70010000131308,70010000131308
Prison Architect: Nintendo Switch™ Edition,1845.21,2890.21,1045.01,36.2,0.638,99.99 BRL,29.99 USD,Nintendo Switch,1728,70010000009727,70010000009727
Another Crab's Treasure,1845.39,2890.21,1044.82,36.2,0.638,100.00 BRL,29.99 USD,Nintendo Switch,915,70010000051252,70010000051252
Cult of the Lamb,1365.41,2408.35,1042.94,43.3,0.567,73.99 BRL,24.99 USD,Nintendo Switch,135,70010000047973,70010000047973
UFO 50,1365.41,2408.35,1042.94,43.3,0.567,73.99 BRL,24.99 USD,Nintendo Switch,357,70010000098422,70010000098422
Super Meat Boy 3D,1365.41,2408.35,1042.94,43.3,0.567,73.99 BRL,24.99 USD,Nintendo Switch 2,495,70010000118233,70010000118233
Kynseed,1365.41,2408.35,1042.94,43.3,0.567,73.99 BRL,24.99 USD,Nintendo Switch,591,70010000090501,70010000090501
The Mortuary Assistant,1365.41,2408.35,1042.94,43.3,0.567,73.99 BRL,24.99 USD,Nintendo Switch,604,70010000062580,70010000062580
Rain World,1365.41,2408.35,1042.94,43.3,0.567,73.99 BRL,24.99 USD,Nintendo Switch,681,70010000013493,70010000013493
Monster Train 2,1365.41,2408.35,1042.94,43.3,0.567,73.99 BRL,24.99 USD,Nintendo Switch,734,70010000087394,70010000087394
Hotline Miami Collection,1365.41,2408.35,1042.94,43.3,0.567,73.99 BRL,24.99 USD,Nintendo Switch,877,70010000020090,70010000020090
Wizard of Legend 2,1365.41,2408.35,1042.94,43.3,0.567,73.99 BRL,24.99 USD,Nintendo Switch,935,70010000085515,70010000085515
art of rally,1365.41,2408.35,1042.94,43.3,0.567,73.99 BRL,24.99 USD,Nintendo Switch,1681,70010000032201,70010000032201
Bloomtown: A Different Story,1365.41,2408.35,1042.94,43.3,0.567,73.99 BRL,24.99 USD,Nintendo Switch,1700,70010000071047,70010000071047
Drova,1365.41,2408.35,1042.94,43.3,0.567,73.99 BRL,24.99 USD,Nintendo Switch,1744,70010000065936,70010000065936
Haven,1365.41,2408.35,1042.94,43.3,0.567,73.99 BRL,24.99 USD,Nintendo Switch,1757,70010000018766,70010000018766
Terra Nil,1365.41,2408.35,1042.94,43.3,0.567,73.99 BRL,24.99 USD,Nintendo Switch,1820,70010000072943,70010000072943
Metal Slug Tactics,1365.41,2408.35,1042.94,43.3,0.567,73.99 BRL,24.99 USD,Nintendo Switch,1834,70010000043042,70010000043042
Realm of Ink,1365.41,2408.35,1042.94,43.3,0.567,73.99 BRL,24.99 USD,Nintendo Switch,1977,70010000115719,70010000115719
Return to Monkey Island,1365.41,2408.35,1042.94,43.3,0.567,73.99 BRL,24.99 USD,Nintendo Switch,1984,70010000053425,70010000053425
Paleo Pines,1863.85,2890.21,1026.37,35.5,0.645,101.00 BRL,29.99 USD,Nintendo Switch,1333,70010000067064,70010000067064
PowerWash Simulator 2,1382.2,2408.35,1026.15,42.6,0.574,74.90 BRL,24.99 USD,Nintendo Switch 2,121,70010000098324,70010000098324
Demonschool,1383.12,2408.35,1025.23,42.6,0.574,74.95 BRL,24.99 USD,Nintendo Switch,1377,70010000064551,70010000064551
Roots of Pacha,1383.86,2408.35,1024.49,42.5,0.575,74.99 BRL,24.99 USD,Nintendo Switch,567,70010000069221,70010000069221
ANIMAL WELL,1383.86,2408.35,1024.49,42.5,0.575,74.99 BRL,24.99 USD,Nintendo Switch,627,70010000065090,70010000065090
TETRIS® THE GRAND MASTER 4 -ABSOLUTE EYE-,1383.86,2408.35,1024.49,42.5,0.575,74.99 BRL,24.99 USD,Nintendo Switch,1154,70010000123794,70010000123794
Viewfinder,1383.86,2408.35,1024.49,42.5,0.575,74.99 BRL,24.99 USD,Nintendo Switch,1668,70010000096085,70010000096085
Overcooked Special Edition,904.24,1926.49,1022.25,53.1,0.469,49.00 BRL,19.99 USD,Nintendo Switch,484,70010000000883,70010000000883
Cuphead,920.85,1926.49,1005.64,52.2,0.478,49.90 BRL,19.99 USD,Nintendo Switch,67,70010000016330,70010000016330
Inscryption,922.51,1926.49,1003.98,52.1,0.479,49.99 BRL,19.99 USD,Nintendo Switch,428,70010000051034,70010000051034
Quartet,922.51,1926.49,1003.98,52.1,0.479,49.99 BRL,19.99 USD,Nintendo Switch,870,70010000075825,70010000075825
CRYPT CUSTODIAN,922.51,1926.49,1003.98,52.1,0.479,49.99 BRL,19.99 USD,Nintendo Switch,982,70010000080959,70010000080959
Pipistrello and the Cursed Yoyo,922.51,1926.49,1003.98,52.1,0.479,49.99 BRL,19.99 USD,Nintendo Switch,1072,70010000083559,70010000083559
Potion Permit,922.51,1926.49,1003.98,52.1,0.479,49.99 BRL,19.99 USD,Nintendo Switch,1092,70010000035808,70010000035808
Best Served Cold,737.97,1733.74,995.77,57.4,0.426,39.99 BRL,17.99 USD,Nintendo Switch,1485,70010000088396,70010000088396
inKONBINI: One Store. Many Stories,1420.95,2408.35,987.4,41.0,0.59,77.00 BRL,24.99 USD,Nintendo Switch,607,70010000113080,70010000113080
inKONBINI: One Store. Many Stories,1420.95,2408.35,987.4,41.0,0.59,77.00 BRL,24.99 USD,Nintendo Switch 2,662,70010000113087,70010000113087
Stardew Valley,461.16,1444.62,983.46,68.1,0.319,24.99 BRL,14.99 USD,Nintendo Switch,12,70010000001801,70010000001801
Stardew Valley: Nintendo Switch 2 Edition,461.16,1444.62,983.46,68.1,0.319,24.99 BRL,14.99 USD,Nintendo Switch 2,50,70010000105384,70010000105384
Super Meat Boy,461.16,1444.62,983.46,68.1,0.319,24.99 BRL,14.99 USD,Nintendo Switch,930,70010000001990,70010000001990
Bubsy 4D,958.68,1926.49,967.81,50.2,0.498,51.95 BRL,19.99 USD,Nintendo Switch,1593,70010000105501,70010000105501
Dead by Daylight,1937.48,2890.21,952.74,33.0,0.67,104.99 BRL,29.99 USD,Nintendo Switch,147,70010000016124,70010000016124
Bubsy 4D,977.14,1926.49,949.35,49.3,0.507,52.95 BRL,19.99 USD,Nintendo Switch 2,777,70010000105506,70010000105506
Jay and Silent Bob: Chronic Blunt Punch,977.14,1926.49,949.35,49.3,0.507,52.95 BRL,19.99 USD,Nintendo Switch,968,70010000112709,70010000112709
Hollow Knight,516.53,1445.59,929.06,64.3,0.357,27.99 BRL,15.00 USD,Nintendo Switch,27,70010000003208,70010000003208
Hollow Knight – Nintendo Switch 2 Edition,516.53,1445.59,929.06,64.3,0.357,27.99 BRL,15.00 USD,Nintendo Switch 2,150,70010000117998,70010000117998
Don't Starve Together,516.53,1444.62,928.1,64.2,0.358,27.99 BRL,14.99 USD,Nintendo Switch,265,70010000019795,70010000019795
VA-11 Hall-A: Cyberpunk Bartender Action,516.53,1444.62,928.1,64.2,0.358,27.99 BRL,14.99 USD,Nintendo Switch,1430,70010000016732,70010000016732
LumenTale: Memories of Trey,1003.71,1926.49,922.78,47.9,0.521,54.39 BRL,19.99 USD,Nintendo Switch,1087,70010000099742,70010000099742
Monster Prom: XXL,627.25,1541.0,913.75,59.3,0.407,33.99 BRL,15.99 USD,Nintendo Switch,1413,70010000016512,70010000016512
The Disney Afternoon Collection,1014.04,1926.49,912.44,47.4,0.526,54.95 BRL,19.99 USD,Nintendo Switch 2,464,70010000107122,70010000107122
The Disney Afternoon Collection,1014.04,1926.49,912.44,47.4,0.526,54.95 BRL,19.99 USD,Nintendo Switch,537,70010000107127,70010000107127
Loddlenaut,1014.78,1926.49,911.71,47.3,0.527,54.99 BRL,19.99 USD,Nintendo Switch,1664,70010000082759,70010000082759
Trombone Champ,534.98,1444.62,909.65,63.0,0.37,28.99 BRL,14.99 USD,Nintendo Switch,675,70010000065994,70010000065994
Indoor Baseball,534.98,1444.62,909.65,63.0,0.37,28.99 BRL,14.99 USD,Nintendo Switch,1213,70010000103906,70010000103906
Indoor Kickball,534.98,1444.62,909.65,63.0,0.37,28.99 BRL,14.99 USD,Nintendo Switch,1350,70010000065788,70010000065788
Knight Squad 2,534.98,1444.62,909.65,63.0,0.37,28.99 BRL,14.99 USD,Nintendo Switch,1549,70010000032578,70010000032578
My Little Puppy,1501.78,2408.35,906.57,37.6,0.624,81.38 BRL,24.99 USD,Nintendo Switch,860,70010000119646,70010000119646
SpiderHeck,553.43,1444.62,891.19,61.7,0.383,29.99 BRL,14.99 USD,Nintendo Switch,651,70010000046214,70010000046214
The Last Faith,1826.94,2697.47,870.53,32.3,0.677,99.00 BRL,27.99 USD,Nintendo Switch,1565,70010000056206,70010000056206
Toziuha Night: Order of the Alchemists,1070.14,1926.49,856.34,44.5,0.555,57.99 BRL,19.99 USD,Nintendo Switch,1781,70010000070772,70010000070772
Sally Face,590.34,1444.62,854.28,59.1,0.409,31.99 BRL,14.99 USD,Nintendo Switch,262,70010000031667,70010000031667
OFF,608.8,1444.62,835.83,57.9,0.421,32.99 BRL,14.99 USD,Nintendo Switch,679,70010000066747,70010000066747
Outbound,1092.29,1926.49,834.2,43.3,0.567,59.19 BRL,19.99 USD,Nintendo Switch 2,849,70010000104048,70010000104048
Outbound,1092.29,1926.49,834.2,43.3,0.567,59.19 BRL,19.99 USD,Nintendo Switch,851,70010000104051,70010000104051
Japanese Rural Life Adventure,1092.29,1926.49,834.2,43.3,0.567,59.19 BRL,19.99 USD,Nintendo Switch,1109,70010000118605,70010000118605
Crystal Project,514.68,1348.25,833.57,61.8,0.382,27.89 BRL,13.99 USD,Nintendo Switch,1586,70010000074166,70010000074166
Shashingo: Learn Japanese with Photography,1107.05,1927.45,820.4,42.6,0.574,59.99 BRL,20.00 USD,Nintendo Switch,1906,70010000069490,70010000069490
A Gummy's Life,1106.31,1926.49,820.17,42.6,0.574,59.95 BRL,19.99 USD,Nintendo Switch,1283,70010000012971,70010000012971
Hollow Knight: Silksong,1107.05,1926.49,819.44,42.5,0.575,59.99 BRL,19.99 USD,Nintendo Switch,26,70010000020840,70010000020840
Tiny Bookshop,1107.05,1926.49,819.44,42.5,0.575,59.99 BRL,19.99 USD,Nintendo Switch,46,70010000099518,70010000099518
Hollow Knight: Silksong – Nintendo Switch 2 Edition,1107.05,1926.49,819.44,42.5,0.575,59.99 BRL,19.99 USD,Nintendo Switch 2,59,70010000105851,70010000105851
Mina the Hollower,1107.05,1926.49,819.44,42.5,0.575,59.99 BRL,19.99 USD,Nintendo Switch,99,70010000081412,70010000081412
Discounty,1107.05,1926.49,819.44,42.5,0.575,59.99 BRL,19.99 USD,Nintendo Switch,217,70010000074119,70010000074119
Denshattack!,1107.05,1926.49,819.44,42.5,0.575,59.99 BRL,19.99 USD,Nintendo Switch 2,234,70010000103978,70010000103978
PlateUp!,1107.05,1926.49,819.44,42.5,0.575,59.99 BRL,19.99 USD,Nintendo Switch,252,70010000063645,70010000063645
Cozy Caravan,1107.05,1926.49,819.44,42.5,0.575,59.99 BRL,19.99 USD,Nintendo Switch,254,70010000110315,70010000110315
Core Keeper,1107.05,1926.49,819.44,42.5,0.575,59.99 BRL,19.99 USD,Nintendo Switch,417,70010000073033,70010000073033
Five Nights at Freddy's: Into the Pit,1107.05,1926.49,819.44,42.5,0.575,59.99 BRL,19.99 USD,Nintendo Switch,430,70010000071079,70010000071079
Little Witch in the Woods,1107.05,1926.49,819.44,42.5,0.575,59.99 BRL,19.99 USD,Nintendo Switch,461,70010000113819,70010000113819
Return of the Obra Dinn,1107.05,1926.49,819.44,42.5,0.575,59.99 BRL,19.99 USD,Nintendo Switch,468,70010000020339,70010000020339
Skate Story,1107.05,1926.49,819.44,42.5,0.575,59.99 BRL,19.99 USD,Nintendo Switch 2,490,70010000102475,70010000102475
Axis Football 2026,1107.05,1926.49,819.44,42.5,0.575,59.99 BRL,19.99 USD,Nintendo Switch,525,70010000112840,70010000112840
Mina the Hollower - Nintendo Switch™ 2 Edition,1107.05,1926.49,819.44,42.5,0.575,59.99 BRL,19.99 USD,Nintendo Switch 2,587,70010000127971,70010000127971
Lemon Cake ,1107.05,1926.49,819.44,42.5,0.575,59.99 BRL,19.99 USD,Nintendo Switch,673,70010000052759,70010000052759
Cabernet,1107.05,1926.49,819.44,42.5,0.575,59.99 BRL,19.99 USD,Nintendo Switch,676,70010000085576,70010000085576
Core Keeper – Nintendo Switch 2 Edition,1107.05,1926.49,819.44,42.5,0.575,59.99 BRL,19.99 USD,Nintendo Switch 2,682,70010000115435,70010000115435
"Love, Ghostie",1107.05,1926.49,819.44,42.5,0.575,59.99 BRL,19.99 USD,Nintendo Switch,762,70010000105249,70010000105249
Monster Prom 4: Monster Con XXL,1107.05,1926.49,819.44,42.5,0.575,59.99 BRL,19.99 USD,Nintendo Switch,816,70010000104631,70010000104631
Bear and Breakfast,1107.05,1926.49,819.44,42.5,0.575,59.99 BRL,19.99 USD,Nintendo Switch,848,70010000028856,70010000028856
Choo-Choo Charles,1107.05,1926.49,819.44,42.5,0.575,59.99 BRL,19.99 USD,Nintendo Switch,899,70010000070923,70010000070923
AXIS FOOTBALL 2024,1107.05,1926.49,819.44,42.5,0.575,59.99 BRL,19.99 USD,Nintendo Switch,911,70010000076340,70010000076340
In Stars and Time,1107.05,1926.49,819.44,42.5,0.575,59.99 BRL,19.99 USD,Nintendo Switch,948,70010000055666,70010000055666
WORLD OF HORROR,1107.05,1926.49,819.44,42.5,0.575,59.99 BRL,19.99 USD,Nintendo Switch,977,70010000059936,70010000059936
Witchy Life Story,1107.05,1926.49,819.44,42.5,0.575,59.99 BRL,19.99 USD,Nintendo Switch,1038,70010000067649,70010000067649
Rift of the NecroDancer,1107.05,1926.49,819.44,42.5,0.575,59.99 BRL,19.99 USD,Nintendo Switch,1064,70010000064328,70010000064328
POPUCOM,1107.05,1926.49,819.44,42.5,0.575,59.99 BRL,19.99 USD,Nintendo Switch,1084,70010000083225,70010000083225
Big Hops,1107.05,1926.49,819.44,42.5,0.575,59.99 BRL,19.99 USD,Nintendo Switch,1096,70010000103712,70010000103712
Tangle Tower,1107.05,1926.49,819.44,42.5,0.575,59.99 BRL,19.99 USD,Nintendo Switch,1100,70010000022631,70010000022631
Neva,1107.05,1926.49,819.44,42.5,0.575,59.99 BRL,19.99 USD,Nintendo Switch,1161,70010000067708,70010000067708
Trash Goblin,1107.05,1926.49,819.44,42.5,0.575,59.99 BRL,19.99 USD,Nintendo Switch,1172,70010000113069,70010000113069
WINDSWEPT,1107.05,1926.49,819.44,42.5,0.575,59.99 BRL,19.99 USD,Nintendo Switch,1188,70010000102191,70010000102191
Crow Country,1107.05,1926.49,819.44,42.5,0.575,59.99 BRL,19.99 USD,Nintendo Switch,1242,70010000054547,70010000054547
Constance,1107.05,1926.49,819.44,42.5,0.575,59.99 BRL,19.99 USD,Nintendo Switch,1265,70010000075950,70010000075950
Neon Inferno,1107.05,1926.49,819.44,42.5,0.575,59.99 BRL,19.99 USD,Nintendo Switch,1271,70010000102470,70010000102470
Angry Video Game Nerd 8-bit,1107.05,1926.49,819.44,42.5,0.575,59.99 BRL,19.99 USD,Nintendo Switch,1344,70010000095749,70010000095749
Solateria,1107.05,1926.49,819.44,42.5,0.575,59.99 BRL,19.99 USD,Nintendo Switch,1360,70010000122978,70010000122978
Ember Knights,1107.05,1926.49,819.44,42.5,0.575,59.99 BRL,19.99 USD,Nintendo Switch,1378,70010000064316,70010000064316
Smushi Come Home,1107.05,1926.49,819.44,42.5,0.575,59.99 BRL,19.99 USD,Nintendo Switch,1385,70010000062673,70010000062673
UNDER THE ISLAND,1107.05,1926.49,819.44,42.5,0.575,59.99 BRL,19.99 USD,Nintendo Switch,1388,70010000115815,70010000115815
Cassette Beasts,1107.05,1926.49,819.44,42.5,0.575,59.99 BRL,19.99 USD,Nintendo Switch,1411,70010000061441,70010000061441
NAIAD,1107.05,1926.49,819.44,42.5,0.575,59.99 BRL,19.99 USD,Nintendo Switch,1487,70010000052231,70010000052231
Bubsy in: The Purrfect Collection,1107.05,1926.49,819.44,42.5,0.575,59.99 BRL,19.99 USD,Nintendo Switch,1548,70010000092058,70010000092058
Call of the Sea,1107.05,1926.49,819.44,42.5,0.575,59.99 BRL,19.99 USD,Nintendo Switch,1575,70010000100290,70010000100290
Primal Planet,1107.05,1926.49,819.44,42.5,0.575,59.99 BRL,19.99 USD,Nintendo Switch,1617,70010000106778,70010000106778
Spindle,1107.05,1926.49,819.44,42.5,0.575,59.99 BRL,19.99 USD,Nintendo Switch,1707,70010000085088,70010000085088
Islets,1107.05,1926.49,819.44,42.5,0.575,59.99 BRL,19.99 USD,Nintendo Switch,1736,70010000046503,70010000046503
Glover (QUByte Classics),1107.05,1926.49,819.44,42.5,0.575,59.99 BRL,19.99 USD,Nintendo Switch,1746,70010000058111,70010000058111
The Rise of the Golden Idol,1107.05,1926.49,819.44,42.5,0.575,59.99 BRL,19.99 USD,Nintendo Switch,1748,70010000074621,70010000074621
TRON: Catalyst,1107.05,1926.49,819.44,42.5,0.575,59.99 BRL,19.99 USD,Nintendo Switch,1768,70010000089255,70010000089255
"Warhammer 40,000: Shootas, Blood & Teef",1107.05,1926.49,819.44,42.5,0.575,59.99 BRL,19.99 USD,Nintendo Switch,1793,70010000042665,70010000042665
Just Crow Things,1107.05,1926.49,819.44,42.5,0.575,59.99 BRL,19.99 USD,Nintendo Switch,1822,70010000071826,70010000071826
Wizordum,1107.05,1926.49,819.44,42.5,0.575,59.99 BRL,19.99 USD,Nintendo Switch,1870,70010000098980,70010000098980
Under Par Golf Architect,1107.05,1926.49,819.44,42.5,0.575,59.99 BRL,19.99 USD,Nintendo Switch 2,1877,70010000102971,70010000102971
Patrick's Parabox,1107.05,1926.49,819.44,42.5,0.575,59.99 BRL,19.99 USD,Nintendo Switch,1882,70010000047951,70010000047951
Garden Witch Life,1107.05,1926.49,819.44,42.5,0.575,59.99 BRL,19.99 USD,Nintendo Switch,1988,70010000071790,70010000071790
Momento,1107.24,1926.49,819.25,42.5,0.575,60.00 BRL,19.99 USD,Nintendo Switch 2,1441,70010000123108,70010000123108
Momento,1107.24,1926.49,819.25,42.5,0.575,60.00 BRL,19.99 USD,Nintendo Switch,1587,70010000118689,70010000118689
Road 96,1106.5,1923.6,817.1,42.5,0.575,59.96 BRL,19.96 USD,Nintendo Switch,661,70010000039002,70010000039002
Lou's Lagoon,1623.76,2408.35,784.59,32.6,0.674,87.99 BRL,24.99 USD,Nintendo Switch,1880,70010000091996,70010000091996
Lynked: Banner of the Spark – Nintendo Switch™ 2 Edition,664.16,1444.62,780.47,54.0,0.46,35.99 BRL,14.99 USD,Nintendo Switch 2,1499,70010000104779,70010000104779
Blue Prince,985.26,1733.74,748.49,43.2,0.568,53.39 BRL,17.99 USD,Nintendo Switch 2,323,70010000109038,70010000109038
Risk of Rain 2,1660.67,2408.35,747.68,31.0,0.69,89.99 BRL,24.99 USD,Nintendo Switch,678,70010000020030,70010000020030
Worms Armageddon: Anniversary Edition,1660.67,2408.35,747.68,31.0,0.69,89.99 BRL,24.99 USD,Nintendo Switch,1313,70010000074080,70010000074080
Wobbly Life,1180.87,1926.49,745.62,38.7,0.613,63.99 BRL,19.99 USD,Nintendo Switch,77,70010000080994,70010000080994
Stray,996.33,1733.74,737.41,42.5,0.575,53.99 BRL,17.99 USD,Nintendo Switch,185,70010000080625,70010000080625
Stray,996.33,1733.74,737.41,42.5,0.575,53.99 BRL,17.99 USD,Nintendo Switch 2,742,70010000119345,70010000119345
The Cosmic Wheel Sisterhood,1014.78,1733.74,718.96,41.5,0.585,54.99 BRL,17.99 USD,Nintendo Switch,691,70010000064689,70010000064689
Cattle Country,968.65,1685.56,716.91,42.5,0.575,52.49 BRL,17.49 USD,Nintendo Switch,1805,70010000090807,70010000090807
TOKYO SCRAMBLE,737.97,1444.62,706.65,48.9,0.511,39.99 BRL,14.99 USD,Nintendo Switch 2,991,70010000101000,70010000101000
Biped,737.97,1444.62,706.65,48.9,0.511,39.99 BRL,14.99 USD,Nintendo Switch,1387,70010000029107,70010000029107
Ultimate Sheep Raccoon,940.97,1637.37,696.4,42.5,0.575,50.99 BRL,16.99 USD,Nintendo Switch 2,358,70010000107133,70010000107133
Ultimate Sheep Raccoon,940.97,1637.37,696.4,42.5,0.575,50.99 BRL,16.99 USD,Nintendo Switch,551,70010000096231,70010000096231
The Drifter – Nintendo Switch 2 Edition,1254.68,1926.49,671.81,34.9,0.651,67.99 BRL,19.99 USD,Nintendo Switch 2,1128,70010000127963,70010000127963
The Mermaid Mask,1254.68,1926.49,671.81,34.9,0.651,67.99 BRL,19.99 USD,Nintendo Switch 2,1280,70010000122453,70010000122453
Beacon Pines,1254.68,1926.49,671.81,34.9,0.651,67.99 BRL,19.99 USD,Nintendo Switch,1391,70010000049969,70010000049969
The Mermaid Mask,1254.68,1926.49,671.81,34.9,0.651,67.99 BRL,19.99 USD,Nintendo Switch,1401,70010000035889,70010000035889
Wildfrost,1254.68,1926.49,671.81,34.9,0.651,67.99 BRL,19.99 USD,Nintendo Switch,1635,70010000045804,70010000045804
TCG Card Shop Simulator,1254.87,1926.49,671.62,34.9,0.651,68.00 BRL,19.99 USD,Nintendo Switch 2,572,70010000134544,70010000134544
TCG Card Shop Simulator,1254.87,1926.49,671.62,34.9,0.651,68.00 BRL,19.99 USD,Nintendo Switch,1202,70010000134520,70010000134520
Escape From Mystwood Mansion,968.65,1637.37,668.72,40.8,0.592,52.49 BRL,16.99 USD,Nintendo Switch,1249,70010000091089,70010000091089
Never Grave: The Witch and The Curse,968.65,1637.37,668.72,40.8,0.592,52.49 BRL,16.99 USD,Nintendo Switch,1827,70010000091314,70010000091314
POOLS,276.62,943.49,666.86,70.7,0.293,14.99 BRL,9.79 USD,Nintendo Switch,1110,70010000116990,70010000116990
Shadows Over Loathing,664.34,1329.94,665.6,50.0,0.5,36.00 BRL,13.80 USD,Nintendo Switch,1365,70010000064070,70010000064070
Easy Delivery Co.,590.34,1251.88,661.54,52.8,0.472,31.99 BRL,12.99 USD,Nintendo Switch,606,70010000111636,70010000111636
Unrailed!,1273.32,1926.49,653.17,33.9,0.661,69.00 BRL,19.99 USD,Nintendo Switch,1361,70010000029629,70010000029629
Pode,553.62,1203.69,650.08,54.0,0.46,30.00 BRL,12.49 USD,Nintendo Switch,497,70010000005922,70010000005922
Trials Rising Standard Edition,1290.85,1926.49,635.64,33.0,0.67,69.95 BRL,19.99 USD,Nintendo Switch,1815,70010000007866,70010000007866
Wrestling Empire,1291.77,1926.49,634.71,32.9,0.671,70.00 BRL,19.99 USD,Nintendo Switch,1003,70010000036954,70010000036954
Birth,424.44,1059.13,634.69,59.9,0.401,23.00 BRL,10.99 USD,Nintendo Switch,1230,70010000071403,70010000071403
Strange Antiquities,1107.05,1733.74,626.69,36.1,0.639,59.99 BRL,17.99 USD,Nintendo Switch,346,70010000096148,70010000096148
Salt and Sanctuary,1107.05,1733.74,626.69,36.1,0.639,59.99 BRL,17.99 USD,Nintendo Switch,1299,70010000005003,70010000005003
Beach Buggy Racing 2: Island Adventure,922.51,1541.0,618.49,40.1,0.599,49.99 BRL,15.99 USD,Nintendo Switch,1879,70010000031841,70010000031841
Balatro,830.24,1444.62,614.38,42.5,0.575,44.99 BRL,14.99 USD,Nintendo Switch,139,70010000072051,70010000072051
Balatro ,830.24,1444.62,614.38,42.5,0.575,44.99 BRL,14.99 USD,Nintendo Switch 2,255,70010000119171,70010000119171
Squeakross: Home Squeak Home,830.24,1444.62,614.38,42.5,0.575,44.99 BRL,14.99 USD,Nintendo Switch,1231,70010000095394,70010000095394
Cauldron,830.24,1444.62,614.38,42.5,0.575,44.99 BRL,14.99 USD,Nintendo Switch,1706,70010000106379,70010000106379
Spirittea,350.44,962.76,612.32,63.6,0.364,18.99 BRL,9.99 USD,Nintendo Switch,1402,70010000053534,70010000053534
Strange Horticulture,940.97,1541.0,600.03,38.9,0.611,50.99 BRL,15.99 USD,Nintendo Switch,369,70010000052157,70010000052157
Spooky's Jump Scare Mansion: HD Renovation,368.89,962.76,593.87,61.7,0.383,19.99 BRL,9.99 USD,Nintendo Switch,1552,70010000058470,70010000058470
Angry Video Game Nerd I & II Deluxe,368.89,962.76,593.87,61.7,0.383,19.99 BRL,9.99 USD,Nintendo Switch,1889,70010000031387,70010000031387
Moss: The Forgotten Relic,1347.14,1926.49,579.35,30.1,0.699,73.00 BRL,19.99 USD,Nintendo Switch,500,70010000078792,70010000078792
Moss: The Forgotten Relic,1347.14,1926.49,579.35,30.1,0.699,73.00 BRL,19.99 USD,Nintendo Switch 2,510,70010000120811,70010000120811
Haste,1347.14,1926.49,579.35,30.1,0.699,73.00 BRL,19.99 USD,Nintendo Switch 2,750,70010000120763,70010000120763
Bendy and the Ink Machine,1347.14,1926.49,579.35,30.1,0.699,73.00 BRL,19.99 USD,Nintendo Switch,819,70010000012899,70010000012899
Bendy and the Dark Revival,1347.14,1926.49,579.35,30.1,0.699,73.00 BRL,19.99 USD,Nintendo Switch,1078,70010000095084,70010000095084
Montabi,1347.14,1926.49,579.35,30.1,0.699,73.00 BRL,19.99 USD,Nintendo Switch 2,1764,70010000128620,70010000128620
BALL x PIT,867.15,1444.62,577.47,40.0,0.6,46.99 BRL,14.99 USD,Nintendo Switch,100,70010000093189,70010000093189
BALL x PIT – Nintendo Switch 2 Edition,867.15,1444.62,577.47,40.0,0.6,46.99 BRL,14.99 USD,Nintendo Switch 2,116,70010000108201,70010000108201
Cast n Chill - Nintendo Switch™ 2 Edition,867.15,1444.62,577.47,40.0,0.6,46.99 BRL,14.99 USD,Nintendo Switch 2,315,70010000112303,70010000112303
Cast n Chill,867.15,1444.62,577.47,40.0,0.6,46.99 BRL,14.99 USD,Nintendo Switch,409,70010000105385,70010000105385
Bread & Fred,867.15,1444.62,577.47,40.0,0.6,46.99 BRL,14.99 USD,Nintendo Switch,547,70010000079721,70010000079721
Enter the Gungeon,867.15,1444.62,577.47,40.0,0.6,46.99 BRL,14.99 USD,Nintendo Switch,668,70010000002862,70010000002862
Pummel Party,867.15,1444.62,577.47,40.0,0.6,46.99 BRL,14.99 USD,Nintendo Switch,757,70010000068064,70010000068064
FAITH: The Unholy Trinity,867.15,1444.62,577.47,40.0,0.6,46.99 BRL,14.99 USD,Nintendo Switch,1014,70010000085026,70010000085026
Katana ZERO,867.15,1444.62,577.47,40.0,0.6,46.99 BRL,14.99 USD,Nintendo Switch,1021,70010000017136,70010000017136
Risk of Rain Returns,867.15,1444.62,577.47,40.0,0.6,46.99 BRL,14.99 USD,Nintendo Switch,1102,70010000061926,70010000061926
Whisper of the House,867.15,1444.62,577.47,40.0,0.6,46.99 BRL,14.99 USD,Nintendo Switch,1264,70010000117941,70010000117941
Europa,867.15,1444.62,577.47,40.0,0.6,46.99 BRL,14.99 USD,Nintendo Switch,1327,70010000076184,70010000076184
Stacklands,867.15,1444.62,577.47,40.0,0.6,46.99 BRL,14.99 USD,Nintendo Switch,1421,70010000069130,70010000069130
BLADECHIMERA,867.15,1444.62,577.47,40.0,0.6,46.99 BRL,14.99 USD,Nintendo Switch,1773,70010000072396,70010000072396
Sports Story,867.15,1444.62,577.47,40.0,0.6,46.99 BRL,14.99 USD,Nintendo Switch,1866,70010000025688,70010000025688
Guns of Fury,867.15,1444.62,577.47,40.0,0.6,46.99 BRL,14.99 USD,Nintendo Switch,1976,70010000091386,70010000091386
Ib,867.15,1444.62,577.47,40.0,0.6,46.99 BRL,14.99 USD,Nintendo Switch,1980,70010000057091,70010000057091
Slay the Princess - The Pristine Cut,1162.41,1733.74,571.33,33.0,0.67,62.99 BRL,17.99 USD,Nintendo Switch,625,70010000078781,70010000078781
Escape the Backrooms,701.06,1251.88,550.81,44.0,0.56,37.99 BRL,12.99 USD,Nintendo Switch 2,258,70010000116714,70010000116714
Assassin's Creed® III: Remastered,875.09,1425.35,550.27,38.6,0.614,47.42 BRL,14.79 USD,Nintendo Switch,299,70010000010684,70010000010684
Ultimate Chicken Horse,904.06,1444.62,540.57,37.4,0.626,48.99 BRL,14.99 USD,Nintendo Switch,130,70010000002401,70010000002401
Into the Breach,904.24,1444.62,540.38,37.4,0.626,49.00 BRL,14.99 USD,Nintendo Switch,936,70010000011496,70010000011496
LIMBO,672.65,1203.69,531.05,44.1,0.559,36.45 BRL,12.49 USD,Nintendo Switch,1035,70010000005802,70010000005802
Sugardew Island,1107.05,1637.37,530.32,32.4,0.676,59.99 BRL,16.99 USD,Nintendo Switch,1470,70010000084323,70010000084323
FAIRY TAIL: DUNGEONS,821.02,1348.25,527.24,39.1,0.609,44.49 BRL,13.99 USD,Nintendo Switch,1794,70010000095935,70010000095935
Lovers in a Dangerous Spacetime,920.85,1444.62,523.77,36.3,0.637,49.90 BRL,14.99 USD,Nintendo Switch,310,70010000001376,70010000001376
Melatonin,922.51,1444.62,522.11,36.1,0.639,49.99 BRL,14.99 USD,Nintendo Switch,654,70010000058463,70010000058463
Untitled Goose Game & Thank Goodness You're Here! Bundle,1025.85,1537.14,511.29,33.3,0.667,55.59 BRL,15.95 USD,Nintendo Switch,1570,70070000023192,70070000023192
Vampire Crawlers: The Turbo Wildcard from Vampire Survivors,461.16,962.76,501.6,52.1,0.479,24.99 BRL,9.99 USD,Nintendo Switch 2,110,70010000120477,70010000120477
Vampire Crawlers: The Turbo Wildcard from Vampire Survivors,461.16,962.76,501.6,52.1,0.479,24.99 BRL,9.99 USD,Nintendo Switch,250,70010000101044,70010000101044
Leafy Corner,461.16,962.76,501.6,52.1,0.479,24.99 BRL,9.99 USD,Nintendo Switch,563,70010000117352,70010000117352
stitch.,957.76,1444.62,486.87,33.7,0.663,51.90 BRL,14.99 USD,Nintendo Switch,1009,70010000072200,70010000072200
All Hands on Deck,773.22,1251.88,478.66,38.2,0.618,41.90 BRL,12.99 USD,Nintendo Switch,834,70010000100246,70010000100246
Thronefall,774.88,1251.88,477.0,38.1,0.619,41.99 BRL,12.99 USD,Nintendo Switch,938,70010000083988,70010000083988
Doki Doki Literature Club Plus!,977.87,1444.62,466.75,32.3,0.677,52.99 BRL,14.99 USD,Nintendo Switch,292,70010000042151,70010000042151
Mixtape,1077.71,1541.0,463.29,30.1,0.699,58.40 BRL,15.99 USD,Nintendo Switch 2,789,70010000113916,70010000113916
Hatsune Miku Logic Paint S+,693.68,1155.51,461.82,40.0,0.6,37.59 BRL,11.99 USD,Nintendo Switch,1972,70010000087498,70010000087498
PICO PARK 2,405.06,866.39,461.33,53.2,0.468,21.95 BRL,8.99 USD,Nintendo Switch,117,70010000077279,70010000077279
Black Jacket,987.1,1444.62,457.52,31.7,0.683,53.49 BRL,14.99 USD,Nintendo Switch,1183,70010000111022,70010000111022
Winter Burrow,608.8,1059.13,450.34,42.5,0.575,32.99 BRL,10.99 USD,Nintendo Switch,226,70010000098407,70010000098407
7 Days to End with You,710.29,1155.51,445.22,38.5,0.615,38.49 BRL,11.99 USD,Nintendo Switch,1687,70010000060039,70010000060039
LEGO® Voyagers,1007.4,1444.62,437.22,30.3,0.697,54.59 BRL,14.99 USD,Nintendo Switch 2,419,70010000105065,70010000105065
Let's Build a Zoo,245.25,673.64,428.39,63.6,0.364,13.29 BRL,6.99 USD,Nintendo Switch,1498,70010000050794,70010000050794
Gang Beasts,730.78,1155.51,424.73,36.8,0.632,39.60 BRL,11.99 USD,Nintendo Switch,143,70010000033942,70010000033942
WINGSPAN,553.43,962.76,409.33,42.5,0.575,29.99 BRL,9.99 USD,Nintendo Switch,822,70010000028355,70010000028355
Lil Gator Game,553.43,962.76,409.33,42.5,0.575,29.99 BRL,9.99 USD,Nintendo Switch,1308,70010000048663,70010000048663
Quake II,553.43,962.76,409.33,42.5,0.575,29.99 BRL,9.99 USD,Nintendo Switch,1581,70010000058388,70010000058388
Formula Legends,553.43,962.76,409.33,42.5,0.575,29.99 BRL,9.99 USD,Nintendo Switch,1734,70010000088758,70010000088758
Cobalt Core,553.43,962.76,409.33,42.5,0.575,29.99 BRL,9.99 USD,Nintendo Switch,1974,70010000069338,70010000069338
Haven Park,461.16,866.39,405.23,46.8,0.532,24.99 BRL,8.99 USD,Nintendo Switch,1725,70010000042595,70010000042595
Volcano Princess,660.47,1059.13,398.67,37.6,0.624,35.79 BRL,10.99 USD,Nintendo Switch,1803,70010000113596,70010000113596
Wax Heads,691.84,1083.23,391.39,36.1,0.639,37.49 BRL,11.24 USD,Nintendo Switch,842,70010000117694,70010000117694
Dorfromantik,692.02,1083.23,391.21,36.1,0.639,37.50 BRL,11.24 USD,Nintendo Switch,658,70010000056984,70010000056984
Thank Goodness You're Here!,599.75,962.76,363.01,37.7,0.623,32.50 BRL,9.99 USD,Nintendo Switch,745,70010000064959,70010000064959
Echoes of the Plum Grove,599.75,962.76,363.01,37.7,0.623,32.50 BRL,9.99 USD,Nintendo Switch,815,70010000088170,70010000088170
Backyard Baseball '97,608.8,962.76,353.97,36.8,0.632,32.99 BRL,9.99 USD,Nintendo Switch,75,70010000096080,70010000096080
Axis Football 2023,608.8,962.76,353.97,36.8,0.632,32.99 BRL,9.99 USD,Nintendo Switch,501,70010000063446,70010000063446
Amanda the Adventurer 2,608.8,962.76,353.97,36.8,0.632,32.99 BRL,9.99 USD,Nintendo Switch,636,70010000095194,70010000095194
Undusted: Letters from the Past,608.8,962.76,353.97,36.8,0.632,32.99 BRL,9.99 USD,Nintendo Switch,779,70010000095624,70010000095624
Duck Detective - The Secret Salami,608.8,962.76,353.97,36.8,0.632,32.99 BRL,9.99 USD,Nintendo Switch,809,70010000078227,70010000078227
CloverPit,608.8,962.76,353.97,36.8,0.632,32.99 BRL,9.99 USD,Nintendo Switch 2,844,70010000128976,70010000128976
Duck Detective: The Ghost of Glamping,608.8,962.76,353.97,36.8,0.632,32.99 BRL,9.99 USD,Nintendo Switch,966,70010000094978,70010000094978
A Dance of Fire and Ice,608.8,962.76,353.97,36.8,0.632,32.99 BRL,9.99 USD,Nintendo Switch,1082,70010000089145,70010000089145
Outlanders,608.8,962.76,353.97,36.8,0.632,32.99 BRL,9.99 USD,Nintendo Switch,1178,70010000097751,70010000097751
Amanda the Adventurer 3,608.8,962.76,353.97,36.8,0.632,32.99 BRL,9.99 USD,Nintendo Switch,1531,70010000119578,70010000119578
SUPERHOT,382.0,721.83,339.83,47.1,0.529,20.70 BRL,7.49 USD,Nintendo Switch,1376,70010000020726,70010000020726
Cat Quest III,442.71,770.02,327.31,42.5,0.575,23.99 BRL,7.99 USD,Nintendo Switch,962,70010000067865,70010000067865
Is This Seat Taken?,645.7,962.76,317.06,32.9,0.671,34.99 BRL,9.99 USD,Nintendo Switch,84,70010000100805,70010000100805
Content Warning,645.89,962.76,316.87,32.9,0.671,35.00 BRL,9.99 USD,Nintendo Switch,353,70010000118552,70010000118552
Content Warning,645.89,962.76,316.87,32.9,0.671,35.00 BRL,9.99 USD,Nintendo Switch 2,410,70010000110768,70010000110768
Scritchy Scratchy,359.67,673.64,313.98,46.6,0.534,19.49 BRL,6.99 USD,Nintendo Switch 2,1502,70010000132286,70010000132286
Super Bunny Man,553.43,866.39,312.96,36.1,0.639,29.99 BRL,8.99 USD,Nintendo Switch,1240,70010000075278,70010000075278
Lawn Mowing Simulator,472.24,770.02,297.78,38.7,0.613,25.59 BRL,7.99 USD,Nintendo Switch,1916,70010000070116,70010000070116
Iron Lung,486.08,770.02,283.94,36.9,0.631,26.34 BRL,7.99 USD,Nintendo Switch,610,70010000060913,70010000060913
Who Wants to Be a Millionaire?,295.08,577.27,282.19,48.9,0.511,15.99 BRL,5.99 USD,Nintendo Switch,1930,70010000032694,70010000032694
Army of Ruin,488.84,770.02,281.17,36.5,0.635,26.49 BRL,7.99 USD,Nintendo Switch,1701,70010000067357,70010000067357
Slots & Daggers,488.84,770.02,281.17,36.5,0.635,26.49 BRL,7.99 USD,Nintendo Switch,1778,70010000116253,70010000116253
Ravenous Devils,200.96,480.9,279.94,58.2,0.418,10.89 BRL,4.99 USD,Nintendo Switch,984,70010000050808,70010000050808
PICO PARK,201.52,480.9,279.38,58.1,0.419,10.92 BRL,4.99 USD,Nintendo Switch,120,70010000019266,70010000019266
Vampire Survivors,202.81,480.9,278.09,57.8,0.422,10.99 BRL,4.99 USD,Nintendo Switch,104,70010000059002,70010000059002
Pure Pool,317.41,577.27,259.86,45.0,0.55,17.20 BRL,5.99 USD,Nintendo Switch,1137,70010000034074,70010000034074
TowerFall,221.26,480.9,259.64,54.0,0.46,11.99 BRL,4.99 USD,Nintendo Switch,1070,70010000012888,70010000012888
Cat Cafe Manager,331.99,577.27,245.29,42.5,0.575,17.99 BRL,5.99 USD,Nintendo Switch,1191,70010000040812,70010000040812
Mail Time,331.99,577.27,245.29,42.5,0.575,17.99 BRL,5.99 USD,Nintendo Switch,1474,70010000045299,70010000045299
Pizza Possum,433.67,673.64,239.98,35.6,0.644,23.50 BRL,6.99 USD,Nintendo Switch,1148,70010000065162,70010000065162
Henry Halfhead,387.35,625.46,238.11,38.1,0.619,20.99 BRL,6.49 USD,Nintendo Switch,1619,70010000067409,70010000067409
PancitoMerge,535.16,770.02,234.85,30.5,0.695,29.00 BRL,7.99 USD,Nintendo Switch,1224,70010000116445,70010000116445
Chess Ultra,258.35,480.9,222.54,46.3,0.537,14.00 BRL,4.99 USD,Nintendo Switch,879,70010000000999,70010000000999
Celeste,276.62,480.9,204.27,42.5,0.575,14.99 BRL,4.99 USD,Nintendo Switch,425,70010000006442,70010000006442
Coromon,276.62,480.9,204.27,42.5,0.575,14.99 BRL,4.99 USD,Nintendo Switch,1667,70010000038334,70010000038334
The Past Within,378.12,577.27,199.15,34.5,0.655,20.49 BRL,5.99 USD,Nintendo Switch,1025,70010000048419,70010000048419
BOKURA,330.14,529.09,198.94,37.6,0.624,17.89 BRL,5.49 USD,Nintendo Switch,1297,70010000068760,70010000068760
Catto's Post Office,331.99,529.09,197.1,37.3,0.627,17.99 BRL,5.49 USD,Nintendo Switch,1951,70010000121383,70010000121383
Bramble: The Mountain King,241.93,432.71,190.78,44.1,0.559,13.11 BRL,4.49 USD,Nintendo Switch,1671,70010000051585,70010000051585
Forestrike,304.31,480.9,176.59,36.7,0.633,16.49 BRL,4.99 USD,Nintendo Switch,1643,70010000085811,70010000085811
Cats Organized Neatly,119.77,288.15,168.39,58.4,0.416,6.49 BRL,2.99 USD,Nintendo Switch,1609,70010000074717,70010000074717
Cookie Clicker,313.53,480.9,167.37,34.8,0.652,16.99 BRL,4.99 USD,Nintendo Switch,243,70010000066299,70010000066299
Cookulo,313.53,480.9,167.37,34.8,0.652,16.99 BRL,4.99 USD,Nintendo Switch,522,70010000089042,70010000089042
and Roger,313.53,480.9,167.37,34.8,0.652,16.99 BRL,4.99 USD,Nintendo Switch,1059,70010000096192,70010000096192
Who's at the door?,313.53,480.9,167.37,34.8,0.652,16.99 BRL,4.99 USD,Nintendo Switch,1196,70010000111528,70010000111528
Logic Bombs,313.53,480.9,167.37,34.8,0.652,16.99 BRL,4.99 USD,Nintendo Switch,1723,70010000113296,70010000113296
What Remains of Edith Finch,318.33,480.9,162.57,33.8,0.662,17.25 BRL,4.99 USD,Nintendo Switch,576,70010000019333,70010000019333
The Exit 8,254.48,384.53,130.05,33.8,0.662,13.79 BRL,3.99 USD,Nintendo Switch,507,70010000079118,70010000079118
Platform 8,254.48,384.53,130.05,33.8,0.662,13.79 BRL,3.99 USD,Nintendo Switch,1225,70010000085172,70010000085172
Darkwood,230.49,360.43,129.94,36.1,0.639,12.49 BRL,3.74 USD,Nintendo Switch,1538,70010000011740,70010000011740
Nine Parchments,258.17,384.53,126.36,32.9,0.671,13.99 BRL,3.99 USD,Nintendo Switch,1710,70010000000688,70010000000688
DORONKO WANKO,221.26,336.34,115.08,34.2,0.658,11.99 BRL,3.49 USD,Nintendo Switch,1932,70010000085265,70010000085265
Hentai Office Enigma,51.49,95.41,43.92,46.0,0.54,2.79 BRL,0.99 USD,Nintendo Switch,1166,70010000115792,70010000115792
