title,US_INR,JP_INR,saving_INR,discount_pct,ratio,US_price,JP_price,platform,popularity_rank,US_nsuid,JP_nsuid
Hades II – Nintendo Switch™ 2 Edition,2024.85,2427.77,402.92,16.6,0.834,20.99 USD,3980.00 JPY,Nintendo Switch 2,39,70010000105526,70010000105970
Hades II,2024.85,2427.77,402.92,16.6,0.834,20.99 USD,3980.00 JPY,Nintendo Switch,40,70010000060675,70010000103275
DELTARUNE,2410.72,2427.77,17.05,0.7,0.993,24.99 USD,3980.00 JPY,Nintendo Switch,49,70010000094450,70010000096639
MOUSE: P.I. For Hire,2893.06,3019.47,126.4,4.2,0.958,29.99 USD,4950.00 JPY,Nintendo Switch 2,54,70010000101091,70010000101093
The Jackbox Party Pack 3,2410.72,2433.87,23.15,1.0,0.99,24.99 USD,3990.00 JPY,Nintendo Switch,65,70010000000166,70010000124778
DELTARUNE,2410.72,2427.77,17.05,0.7,0.993,24.99 USD,3980.00 JPY,Nintendo Switch 2,78,70010000096640,70010000096639
PRAGMATA,4629.48,4873.84,244.36,5.0,0.95,47.99 USD,7990.00 JPY,Nintendo Switch 2,122,70010000101665,70010000101667
Assassin’s Creed®: The Rebel Collection,3857.74,4025.95,168.22,4.2,0.958,39.99 USD,6600.00 JPY,Nintendo Switch,141,70010000019188,70010000019189
MARVEL Cosmic Invasion,2893.06,3019.47,126.4,4.2,0.958,29.99 USD,4950.00 JPY,Nintendo Switch 2,144,70010000110541,70010000109391
MARVEL MaXimum Collection,2410.72,2415.57,4.85,0.2,0.998,24.99 USD,3960.00 JPY,Nintendo Switch,170,70010000115667,70010000115669
ASSASSIN’S CREED® THE EZIO COLLECTION,770.78,805.19,34.41,4.3,0.957,7.99 USD,1320.00 JPY,Nintendo Switch,175,70010000038691,70010000038690
Stray,1735.45,2134.98,399.52,18.7,0.813,17.99 USD,3500.00 JPY,Nintendo Switch,191,70010000080625,70010000080627
ARK: Survival Evolved,1928.39,2549.77,621.38,24.4,0.756,19.99 USD,4180.00 JPY,Nintendo Switch,203,70010000010940,70010000013621
MARVEL Cosmic Invasion,2893.06,3019.47,126.4,4.2,0.958,29.99 USD,4950.00 JPY,Nintendo Switch,209,70010000087971,70010000109391
eFootball™ Kick-Off!,1928.39,2348.47,420.09,17.9,0.821,19.99 USD,3850.00 JPY,Nintendo Switch 2,215,70010000113743,70010000113742
Discounty,1928.39,2317.97,389.59,16.8,0.832,19.99 USD,3800.00 JPY,Nintendo Switch,225,70010000074119,70010000100100
Millionaire Escape,0.96,548.99,548.03,99.8,0.002,0.01 USD,900.00 JPY,Nintendo Switch,263,70010000098717,70010000098719
Fast Fusion,1446.05,1524.98,78.93,5.2,0.948,14.99 USD,2500.00 JPY,Nintendo Switch 2,283,70010000096904,70010000096644
A Little to the Left,1446.05,1494.48,48.43,3.2,0.968,14.99 USD,2450.00 JPY,Nintendo Switch,305,70010000051361,70010000058832
Hogwarts Legacy,577.84,5354.52,4776.68,89.2,0.108,5.99 USD,8778.00 JPY,Nintendo Switch,360,70010000014724,70010000062278
ESCAPE - BACKROOMS HORROR,481.37,487.38,6.01,1.2,0.988,4.99 USD,799.00 JPY,Nintendo Switch,380,70010000085047,70010000085049
RollerCoaster Tycoon® Classic,2410.72,2488.77,78.05,3.1,0.969,24.99 USD,4080.00 JPY,Nintendo Switch,387,70010000088763,70010000127475
Outer Wilds,1446.05,1921.48,475.43,24.7,0.753,14.99 USD,3150.00 JPY,Nintendo Switch,402,70010000038712,70010000038711
Disney Illusion Island,2893.06,3293.96,400.9,12.2,0.878,29.99 USD,5400.00 JPY,Nintendo Switch,465,70010000058468,70010000058467
LEGO® Voyagers,1446.05,1768.98,322.93,18.3,0.817,14.99 USD,2900.00 JPY,Nintendo Switch 2,472,70010000105065,70010000105067
Darwin's Paradox!,2410.72,2415.57,4.85,0.2,0.998,24.99 USD,3960.00 JPY,Nintendo Switch 2,474,70010000104256,70010000104258
Descenders,601.96,2938.95,2336.99,79.5,0.205,6.24 USD,4818.00 JPY,Nintendo Switch,483,70010000026435,70010000034425
LEGO® Jurassic World,384.91,3019.47,2634.56,87.3,0.127,3.99 USD,4950.00 JPY,Nintendo Switch,541,70010000020489,70010000021759
Unspottable,577.84,762.49,184.65,24.2,0.758,5.99 USD,1250.00 JPY,Nintendo Switch,584,70010000036918,70010000036917
What Remains of Edith Finch,481.37,1341.98,860.61,64.1,0.359,4.99 USD,2200.00 JPY,Nintendo Switch,586,70010000019333,70010000019334
Little Nightmares II,954.06,2415.57,1461.51,60.5,0.395,9.89 USD,3960.00 JPY,Nintendo Switch,593,70010000021688,70010000021689
Devil May Cry 3 Special Edition,963.71,1213.89,250.17,20.6,0.794,9.99 USD,1990.00 JPY,Nintendo Switch,632,70010000017211,70010000017212
Supermarket Owner Simulator: Business,674.31,731.38,57.07,7.8,0.922,6.99 USD,1199.00 JPY,Nintendo Switch,671,70010000085363,70010000085365
Cabernet,1928.39,2134.98,206.59,9.7,0.903,19.99 USD,3500.00 JPY,Nintendo Switch,672,70010000085576,70010000094099
NBA BOUNCE,1253.11,4025.95,2772.84,68.9,0.311,12.99 USD,6600.00 JPY,Nintendo Switch,685,70010000085799,70010000085801
Divinity: Original Sin 2 - Nintendo Switch™ 2 Edition,2410.72,2616.87,206.15,7.9,0.921,24.99 USD,4290.00 JPY,Nintendo Switch 2,727,70010000114263,70010000114264
Cozy Grove,697.46,902.79,205.33,22.7,0.773,7.23 USD,1480.00 JPY,Nintendo Switch,730,70010000035711,70010000035713
PICROSS S+,481.37,487.99,6.62,1.4,0.986,4.99 USD,800.00 JPY,Nintendo Switch,745,70010000065386,70010000000879
Stray,1735.45,2134.98,399.52,18.7,0.813,17.99 USD,3500.00 JPY,Nintendo Switch 2,767,70010000119345,70010000119347
Phoenix Wright: Ace Attorney Trilogy,963.71,1823.88,860.17,47.2,0.528,9.99 USD,2990.00 JPY,Nintendo Switch,839,70010000015846,70010000015847
KeyWe,2410.72,2871.85,461.12,16.1,0.839,24.99 USD,4708.00 JPY,Nintendo Switch,867,70010000033646,70010000038452
Rô,48.23,1811.68,1763.45,97.3,0.027,0.50 USD,2970.00 JPY,Nintendo Switch,872,70010000063335,70010000105209
Donut County,312.55,914.99,602.43,65.8,0.342,3.24 USD,1500.00 JPY,Nintendo Switch,879,70010000014127,70010000014128
Waterpark Simulator 25,288.44,297.07,8.63,2.9,0.971,2.99 USD,487.00 JPY,Nintendo Switch,912,70010000109716,70010000109718
Monster Hunter Rise,481.37,2433.87,1952.5,80.2,0.198,4.99 USD,3990.00 JPY,Nintendo Switch,953,70010000029016,70010000029014
Supermarket Simulator 2026,577.84,609.38,31.54,5.2,0.948,5.99 USD,999.00 JPY,Nintendo Switch,962,70010000118738,70010000122415
Hunter Simulator : Wild Hunting,963.71,975.38,11.67,1.2,0.988,9.99 USD,1599.00 JPY,Nintendo Switch,965,70010000090245,70010000090247
CHRONO CROSS: THE RADICAL DREAMERS EDITION,1928.39,2147.18,218.79,10.2,0.898,19.99 USD,3520.00 JPY,Nintendo Switch,976,70010000032650,70010000032649
Devil May Cry,963.71,1236.46,272.74,22.1,0.779,9.99 USD,2027.00 JPY,Nintendo Switch,984,70010000017205,70010000017207
Street Drag Racing Car Driving Simulator 2022 Games,288.44,292.19,3.75,1.3,0.987,2.99 USD,479.00 JPY,Nintendo Switch,990,70010000053344,70010000053343
"Early Learning Games for Kids, Toddlers & Babies",943.45,944.27,0.82,0.1,0.999,9.78 USD,1548.00 JPY,Nintendo Switch,1046,70010000081830,70010000081832
Monster Jam Steel Titans,2893.06,2964.57,71.5,2.4,0.976,29.99 USD,4860.00 JPY,Nintendo Switch,1054,70010000022611,70010000029468
OVER REQUIEMZ,4822.41,5233.74,411.33,7.9,0.921,49.99 USD,8580.00 JPY,Nintendo Switch,1065,70010000122196,70010000080688
stitch.,1446.05,1451.78,5.73,0.4,0.996,14.99 USD,2380.00 JPY,Nintendo Switch,1067,70010000072200,70010000072202
Downwell,288.44,305.0,16.56,5.4,0.946,2.99 USD,500.00 JPY,Nintendo Switch,1074,70010000014738,70010000014739
Chip's Challenge,288.44,366.0,77.56,21.2,0.788,2.99 USD,600.00 JPY,Nintendo Switch,1138,70010000076587,70010000076589
Northgard,3375.4,4147.95,772.55,18.6,0.814,34.99 USD,6800.00 JPY,Nintendo Switch,1139,70010000018126,70010000030267
Make Way,1446.05,1494.48,48.43,3.2,0.968,14.99 USD,2450.00 JPY,Nintendo Switch,1187,70010000042902,70010000067250
Ghostbusters: The Video Game Remastered,2893.06,3019.47,126.4,4.2,0.958,29.99 USD,4950.00 JPY,Nintendo Switch,1205,70010000018242,70010000022873
Airplane Flight Simulator : Combat Zone,288.44,1768.98,1480.54,83.7,0.163,2.99 USD,2900.00 JPY,Nintendo Switch,1256,70010000090449,70010000090451
Storm Chasing Sim 2025 - Tornado Hunter,288.44,292.19,3.75,1.3,0.987,2.99 USD,479.00 JPY,Nintendo Switch,1265,70010000104704,70010000104706
Jaleco Sports: Bases Loaded,770.78,805.19,34.41,4.3,0.957,7.99 USD,1320.00 JPY,Nintendo Switch,1275,70010000109453,70010000111604
Saint Slayer: Spear of Sacrilege,963.71,1006.49,42.78,4.3,0.957,9.99 USD,1650.00 JPY,Nintendo Switch,1300,70010000120058,70010000120060
Bring You Home,722.54,731.99,9.45,1.3,0.987,7.49 USD,1200.00 JPY,Nintendo Switch,1302,70010000100241,70010000100243
Rune Dice,1446.05,1456.66,10.61,0.7,0.993,14.99 USD,2388.00 JPY,Nintendo Switch,1330,70010000114383,70010000114385
Jewel Fever 3,230.56,609.38,378.83,62.2,0.378,2.39 USD,999.00 JPY,Nintendo Switch,1348,70010000086882,70010000086884
Degrees of Separation,288.44,1219.99,931.55,76.4,0.236,2.99 USD,2000.00 JPY,Nintendo Switch,1369,70010000012282,70010000024607
Mega Man Zero/ZX Legacy Collection,963.71,1823.88,860.17,47.2,0.528,9.99 USD,2990.00 JPY,Nintendo Switch,1394,70010000016862,70010000016863
Green Hell,360.79,1524.37,1163.58,76.3,0.237,3.74 USD,2499.00 JPY,Nintendo Switch,1424,70010000034346,70010000036123
BODY CAM SHOOTER,481.37,487.38,6.01,1.2,0.988,4.99 USD,799.00 JPY,Nintendo Switch,1438,70010000089518,70010000089520
Berry Bury Berry,674.31,682.58,8.27,1.2,0.988,6.99 USD,1119.00 JPY,Nintendo Switch,1442,70010000123855,70010000123857
Let's Build a Zoo,674.31,1402.98,728.68,51.9,0.481,6.99 USD,2300.00 JPY,Nintendo Switch,1444,70010000050794,70010000082993
Peak Climb,288.44,292.19,3.75,1.3,0.987,2.99 USD,479.00 JPY,Nintendo Switch,1503,70010000106187,70010000106189
Anthology of The Killer,770.78,789.94,19.16,2.4,0.976,7.99 USD,1295.00 JPY,Nintendo Switch,1505,70010000093599,70010000093601
Darkest Dungeon,2410.72,3019.47,608.74,20.2,0.798,24.99 USD,4950.00 JPY,Nintendo Switch,1534,70010000004705,70010000005761
Until Then,1253.11,1945.88,692.76,35.6,0.644,12.99 USD,3190.00 JPY,Nintendo Switch,1539,70010000095764,70010000098468
sins of KALEIDO,4098.91,4448.68,349.77,7.9,0.921,42.49 USD,7293.00 JPY,Nintendo Switch,1542,70010000124139,70010000124141
The Longing,1011.94,1097.38,85.43,7.8,0.922,10.49 USD,1799.00 JPY,Nintendo Switch,1543,70010000034713,70010000046224
MudRunner - American Wilds,2410.72,3647.76,1237.03,33.9,0.661,24.99 USD,5980.00 JPY,Nintendo Switch,1550,70010000005706,70010000027376
HOT WHEELS UNLEASHED™,2893.06,3568.46,675.4,18.9,0.811,29.99 USD,5850.00 JPY,Nintendo Switch,1557,70010000035702,70010000043469
Lorelei and the Laser Eyes,1204.88,1982.48,777.6,39.2,0.608,12.49 USD,3250.00 JPY,Nintendo Switch,1559,70010000054304,70010000054303
THE LAST REMNANT Remastered,1928.39,2670.55,742.16,27.8,0.722,19.99 USD,4378.00 JPY,Nintendo Switch,1619,70010000016147,70010000016148
The Boba Teashop,481.37,487.99,6.62,1.4,0.986,4.99 USD,800.00 JPY,Nintendo Switch,1628,70010000116676,70010000116678
Shogun Showdown,1446.05,2122.78,676.73,31.9,0.681,14.99 USD,3480.00 JPY,Nintendo Switch,1630,70010000066862,70010000085840
Darkwood,360.79,704.54,343.75,48.8,0.512,3.74 USD,1155.00 JPY,Nintendo Switch,1631,70010000011740,70010000043585
Cozy Tiny Home,288.44,1387.73,1099.3,79.2,0.208,2.99 USD,2275.00 JPY,Nintendo Switch,1641,70010000109797,70010000109799
Drova,2410.72,2488.77,78.05,3.1,0.969,24.99 USD,4080.00 JPY,Nintendo Switch,1655,70010000065936,70010000085262
Florence,191.97,427.0,235.02,55.0,0.45,1.99 USD,700.00 JPY,Nintendo Switch,1658,70010000020822,70010000027592
STAR OCEAN First Departure R,2024.85,2147.18,122.32,5.7,0.943,20.99 USD,3520.00 JPY,Nintendo Switch,1668,70010000022150,70010000020349
Montabi,1928.39,2134.98,206.59,9.7,0.903,19.99 USD,3500.00 JPY,Nintendo Switch 2,1698,70010000128620,70010000129966
Nine Parchments,384.91,1488.38,1103.48,74.1,0.259,3.99 USD,2440.00 JPY,Nintendo Switch,1703,70010000000688,70010000000689
Terra Nil,819.01,1707.98,888.97,52.0,0.48,8.49 USD,2800.00 JPY,Nintendo Switch,1708,70010000072943,70010000072945
R-Type Dimensions III,3375.4,4227.25,851.85,20.2,0.798,34.99 USD,6930.00 JPY,Nintendo Switch 2,1754,70010000115245,70010000119317
Gone Home,288.44,914.99,626.55,68.5,0.315,2.99 USD,1500.00 JPY,Nintendo Switch,1757,70010000009422,70010000015134
Cozy Grove – Nintendo Switch™ 2 Edition,697.46,902.79,205.33,22.7,0.773,7.23 USD,1480.00 JPY,Nintendo Switch 2,1833,70010000120540,70010000120452
Terra Alia: The Language Discovery RPG,1446.05,1459.71,13.66,0.9,0.991,14.99 USD,2393.00 JPY,Nintendo Switch,1845,70010000046181,70010000083955
COCOON,1204.88,1921.48,716.6,37.3,0.627,12.49 USD,3150.00 JPY,Nintendo Switch,1846,70010000014130,70010000014131
Basketball Legends 24,288.44,292.19,3.75,1.3,0.987,2.99 USD,479.00 JPY,Nintendo Switch,1857,70010000086575,70010000086577
Citadelum,1397.82,1951.98,554.16,28.4,0.716,14.49 USD,3200.00 JPY,Nintendo Switch 2,1885,70010000115148,70010000115150
Froggy Hates Snow,1446.05,1463.98,17.93,1.2,0.988,14.99 USD,2400.00 JPY,Nintendo Switch,1921,70010000109656,70010000129536
Chameleon Dummy Hunt,385.87,396.5,10.63,2.7,0.973,4.00 USD,650.00 JPY,Nintendo Switch,1923,70010000131772,70010000131774
Soccer,963.71,963.79,0.08,0.0,1.0,9.99 USD,1580.00 JPY,Nintendo Switch,1937,70010000114579,70010000114581
Devil May Cry 2,963.71,1236.46,272.74,22.1,0.779,9.99 USD,2027.00 JPY,Nintendo Switch,1972,70010000017206,70010000017208
Metal Slug Tactics,2410.72,2415.57,4.85,0.2,0.998,24.99 USD,3960.00 JPY,Nintendo Switch,1977,70010000043042,70010000076987
Cooking Simulator,288.44,1219.99,931.55,76.4,0.236,2.99 USD,2000.00 JPY,Nintendo Switch,1983,70010000024855,70010000038241
Pixel Cafe,674.31,1189.49,515.18,43.3,0.567,6.99 USD,1950.00 JPY,Nintendo Switch,1984,70010000070023,70010000070022
Speedway Turbo: Car Racing Challenge,963.71,969.89,6.18,0.6,0.994,9.99 USD,1590.00 JPY,Nintendo Switch,1990,70010000080237,70010000080239
